-- MySQL dump 10.13  Distrib 8.0.34, for Win64 (x86_64)
--
-- Host: localhost    Database: ticketgo_db
-- ------------------------------------------------------
-- Server version	5.7.44-log

/*!40101 SET @OLD_CHARACTER_SET_CLIENT=@@CHARACTER_SET_CLIENT */;
/*!40101 SET @OLD_CHARACTER_SET_RESULTS=@@CHARACTER_SET_RESULTS */;
/*!40101 SET @OLD_COLLATION_CONNECTION=@@COLLATION_CONNECTION */;
/*!50503 SET NAMES utf8 */;
/*!40103 SET @OLD_TIME_ZONE=@@TIME_ZONE */;
/*!40103 SET TIME_ZONE='+00:00' */;
/*!40014 SET @OLD_UNIQUE_CHECKS=@@UNIQUE_CHECKS, UNIQUE_CHECKS=0 */;
/*!40014 SET @OLD_FOREIGN_KEY_CHECKS=@@FOREIGN_KEY_CHECKS, FOREIGN_KEY_CHECKS=0 */;
/*!40101 SET @OLD_SQL_MODE=@@SQL_MODE, SQL_MODE='NO_AUTO_VALUE_ON_ZERO' */;
/*!40111 SET @OLD_SQL_NOTES=@@SQL_NOTES, SQL_NOTES=0 */;

--
-- Table structure for table `amenities`
--
use c6xrudl3udz4683x;

DROP TABLE IF EXISTS `amenities`;
/*!40101 SET @saved_cs_client     = @@character_set_client */;
/*!50503 SET character_set_client = utf8mb4 */;
CREATE TABLE `amenities` (
  `id` bigint(20) NOT NULL AUTO_INCREMENT,
  `created_at` datetime(6) DEFAULT NULL,
  `updated_at` datetime(6) DEFAULT NULL,
  `description` text COLLATE utf8mb4_unicode_ci,
  `name` varchar(255) COLLATE utf8mb4_unicode_ci NOT NULL,
  `bus_company_id` bigint(20) NOT NULL,
  PRIMARY KEY (`id`),
  KEY `FKh5mh19vnros35tixq7mmc9vli` (`bus_company_id`),
  CONSTRAINT `FKh5mh19vnros35tixq7mmc9vli` FOREIGN KEY (`bus_company_id`) REFERENCES `bus_company` (`user_id`)
) ENGINE=InnoDB AUTO_INCREMENT=8 DEFAULT CHARSET=utf8mb4 COLLATE=utf8mb4_unicode_ci;
/*!40101 SET character_set_client = @saved_cs_client */;

--
-- Dumping data for table `amenities`
--

LOCK TABLES `amenities` WRITE;
/*!40000 ALTER TABLE `amenities` DISABLE KEYS */;
INSERT INTO `amenities` VALUES (1,'2024-11-11 18:43:49.000000','2024-11-11 18:43:49.000000','Nhân viên phòng vé, tài xế , phụ xe có thể giao tiếp bằng tiếng anh với hành khách.','Nhân viên sử dụng tiếng anh',1),(2,'2024-11-11 18:43:49.000000','2024-11-11 18:43:49.000000','Ghế massage giúp cho hành khách ngồi trên xe thoải mái trong thời gian dài.','Ghế massage',1),(3,'2024-11-11 18:43:49.000000','2024-11-11 18:43:49.000000','Nhà xe có phục vụ thức ăn nhẹ trên xe.','Bánh ngọt',1),(4,'2024-11-11 18:43:49.000000','2024-11-11 18:43:49.000000','Hỗ trợ hành khách đọc sách dễ dàng và an toàn khi ngồi trên xe.','Đèn đọc sách',1),(5,'2024-11-11 18:43:49.000000','2024-11-11 18:43:49.000000','Nhà xe có phục vụ nước cho hành khách.','Nước uống',1),(6,'2024-11-11 18:43:49.000000','2024-11-11 18:43:49.000000','Trên xe có trang bị gối nằm.','Gối nằm',1),(7,'2024-11-11 18:43:49.000000','2024-11-11 18:43:49.000000','Dùng để phá kính ô tô thoát hiểm trong trường hợp khẩn cấp.','Búa phá kính',1);
/*!40000 ALTER TABLE `amenities` ENABLE KEYS */;
UNLOCK TABLES;

--
-- Table structure for table `bookings`
--

DROP TABLE IF EXISTS `bookings`;
/*!40101 SET @saved_cs_client     = @@character_set_client */;
/*!50503 SET character_set_client = utf8mb4 */;
CREATE TABLE `bookings` (
  `booking_id` bigint(20) NOT NULL AUTO_INCREMENT,
  `created_at` datetime(6) DEFAULT NULL,
  `updated_at` datetime(6) DEFAULT NULL,
  `booking_date` datetime(6) NOT NULL,
  `contact_email` varchar(255) COLLATE utf8mb4_unicode_ci NOT NULL,
  `contact_name` varchar(255) COLLATE utf8mb4_unicode_ci NOT NULL,
  `contact_phone` varchar(255) COLLATE utf8mb4_unicode_ci NOT NULL,
  `discounted_price` double DEFAULT NULL,
  `original_price` double NOT NULL,
  `status` enum('CANCELLED','COMPLETED','CONFIRMED','FAILED','IN_PROGRESS','REFUNDED') COLLATE utf8mb4_unicode_ci DEFAULT NULL,
  `customer_id` bigint(20) DEFAULT NULL,
  `dropoff_stop_id` bigint(20) DEFAULT NULL,
  `payment_id` bigint(20) DEFAULT NULL,
  `pickup_stop_id` bigint(20) DEFAULT NULL,
  `promotion_id` bigint(20) DEFAULT NULL,
  PRIMARY KEY (`booking_id`),
  KEY `FKib6gjgj2e9binkktxmm175bmm` (`customer_id`),
  KEY `FKcxn31fwfv7qcn45kc2belpwel` (`dropoff_stop_id`),
  KEY `FKjki6p9c5yckce7owst8vxu17u` (`payment_id`),
  KEY `FKr3vokabko5h41deb5w8byayt1` (`pickup_stop_id`),
  KEY `FKk4byobgkjv3y3952wwpxyep7o` (`promotion_id`),
  CONSTRAINT `FKcxn31fwfv7qcn45kc2belpwel` FOREIGN KEY (`dropoff_stop_id`) REFERENCES `route_stops` (`stop_id`),
  CONSTRAINT `FKib6gjgj2e9binkktxmm175bmm` FOREIGN KEY (`customer_id`) REFERENCES `users` (`user_id`),
  CONSTRAINT `FKjki6p9c5yckce7owst8vxu17u` FOREIGN KEY (`payment_id`) REFERENCES `payments` (`payment_id`),
  CONSTRAINT `FKk4byobgkjv3y3952wwpxyep7o` FOREIGN KEY (`promotion_id`) REFERENCES `promotions` (`promotion_id`),
  CONSTRAINT `FKr3vokabko5h41deb5w8byayt1` FOREIGN KEY (`pickup_stop_id`) REFERENCES `route_stops` (`stop_id`)
) ENGINE=InnoDB AUTO_INCREMENT=20 DEFAULT CHARSET=utf8mb4 COLLATE=utf8mb4_unicode_ci;
/*!40101 SET character_set_client = @saved_cs_client */;

--
-- Dumping data for table `bookings`
--

LOCK TABLES `bookings` WRITE;
/*!40000 ALTER TABLE `bookings` DISABLE KEYS */;
INSERT INTO `bookings` VALUES (1,'2024-11-14 16:23:18.965185','2024-11-14 16:24:15.245018','2024-11-14 16:23:18.960187','phuonggteyy@gmail.com','Phương Tây','0909123456',NULL,600000,'COMPLETED',2,90,1,96,NULL),(3,'2024-11-14 16:55:29.126477','2024-11-14 16:55:48.832444','2024-11-14 16:55:29.113010','phuonggteyy@gmail.com','Phương Tây','0909123456',NULL,600000,'COMPLETED',2,97,2,91,NULL),(4,'2024-11-14 16:57:08.227858','2024-11-14 16:57:08.227858','2024-11-14 16:57:08.207768','phuonggteyy@gmail.com','Phương Tây','0909123456',NULL,600000,'FAILED',2,85,NULL,91,NULL),(5,'2024-11-14 17:32:55.865999','2024-11-14 17:32:55.865999','2024-11-14 17:32:55.844098','phuonggteyy@gmail.com','Phương Tây','0909123456',NULL,600000,'FAILED',2,90,NULL,91,NULL),(6,'2024-11-14 18:06:59.846766','2024-11-14 18:06:59.846766','2024-11-14 18:06:59.819723','phuonggteyy@gmail.com','Phương Tây','0909123456',NULL,600000,'FAILED',2,87,NULL,98,NULL),(7,'2024-11-14 18:23:19.134330','2024-11-14 18:23:43.117032','2024-11-14 18:23:19.112290','phuonggteyy@gmail.com','Phương Tây','0909123456',NULL,450000,'COMPLETED',2,72,3,64,NULL),(8,'2024-11-14 18:28:41.131317','2024-11-14 18:28:41.131317','2024-11-14 18:28:41.130311','phuonggteyy@gmail.com','Phương Tây','0909123456',NULL,450000,'FAILED',2,78,NULL,64,NULL),(9,'2024-11-14 18:53:45.961982','2024-11-14 18:53:45.961982','2024-11-14 18:53:45.960982','phuonggteyy@gmail.com','Phương Tây','0909123456',NULL,1000000,'FAILED',2,115,NULL,117,NULL),(10,'2024-11-15 20:02:47.418842','2024-11-15 20:02:47.418842','2024-11-15 20:02:47.412841','phuonggteyy@gmail.com','Phương Tây','0909123456',NULL,450000,'FAILED',2,78,NULL,64,NULL),(11,'2024-11-17 09:57:50.680249','2024-11-17 09:58:59.384783','2024-11-17 09:57:50.650805','tayphuong1109@gmail.com','Taylor Swift','0979552239',NULL,450000,'COMPLETED',3,79,4,74,NULL),(12,'2024-11-20 18:18:10.217874','2024-11-20 18:19:00.304427','2024-11-20 18:18:10.193333','tayphuong1109@gmail.com','test','0979552239',NULL,300000,'COMPLETED',3,42,5,53,NULL),(13,'2024-11-20 18:53:34.065241','2024-11-20 18:54:09.966712','2024-11-20 18:53:34.053124','taytran110903@gmail.com','Tay Tran','0979552239',NULL,600000,'COMPLETED',5,89,6,91,NULL),(14,'2024-11-21 10:50:13.498463','2024-11-21 10:50:49.715018','2024-11-21 10:50:13.458474','taytran110903@gmail.com','Tay Tran','0979552239',NULL,450000,'COMPLETED',5,76,7,64,NULL),(15,'2024-11-30 10:07:37.446005','2024-11-30 10:07:37.446005','2024-11-30 10:07:37.408758','taytran110903@gmail.com','Tay Tran','0979552239',NULL,400000,'FAILED',5,192,NULL,189,NULL),(16,'2024-11-30 10:08:32.504440','2024-11-30 10:09:01.979597','2024-11-30 10:08:32.502927','taytran110903@gmail.com','Tay Tran','0979552239',NULL,400000,'CONFIRMED',5,200,8,195,NULL),(17,'2024-12-01 12:17:11.256869','2024-12-01 12:17:37.609137','2024-12-01 12:17:11.236807','tayphuong1109@gmail.com','Taylor Swift','0979552239',NULL,450000,'CONFIRMED',3,212,9,209,NULL),(18,'2024-12-01 12:28:25.963131','2024-12-01 12:28:59.475012','2024-12-01 12:28:25.963131','tayphuong1109@gmail.com','Taylor Swift','0979552239',NULL,400000,'CONFIRMED',3,192,10,189,NULL),(19,'2024-12-02 15:48:42.021244','2024-12-02 15:49:11.115276','2024-12-02 15:48:42.013344','phuonggteyy@gmail.com','test again','0909123456',NULL,350000,'CONFIRMED',2,259,11,258,NULL);
/*!40000 ALTER TABLE `bookings` ENABLE KEYS */;
UNLOCK TABLES;

--
-- Table structure for table `bus_company`
--

DROP TABLE IF EXISTS `bus_company`;
/*!40101 SET @saved_cs_client     = @@character_set_client */;
/*!50503 SET character_set_client = utf8mb4 */;
CREATE TABLE `bus_company` (
  `address` varchar(255) COLLATE utf8mb4_unicode_ci NOT NULL,
  `bus_company_name` varchar(255) COLLATE utf8mb4_unicode_ci NOT NULL,
  `contact_email` varchar(255) COLLATE utf8mb4_unicode_ci NOT NULL,
  `contact_phone` varchar(255) COLLATE utf8mb4_unicode_ci NOT NULL,
  `description` longtext COLLATE utf8mb4_unicode_ci NOT NULL,
  `user_id` bigint(20) NOT NULL,
  `banner_url` varchar(255) COLLATE utf8mb4_unicode_ci NOT NULL,
  PRIMARY KEY (`user_id`),
  CONSTRAINT `FKnks9kld64u7ail3l1afmuapd0` FOREIGN KEY (`user_id`) REFERENCES `users` (`user_id`)
) ENGINE=InnoDB DEFAULT CHARSET=utf8mb4 COLLATE=utf8mb4_unicode_ci;
/*!40101 SET character_set_client = @saved_cs_client */;

--
-- Dumping data for table `bus_company`
--

LOCK TABLES `bus_company` WRITE;
/*!40000 ALTER TABLE `bus_company` DISABLE KEYS */;
INSERT INTO `bus_company` VALUES ('1, Võ Văn Ngân, P. Linh Chiểu, Q. Thủ Đức, Tp. Hồ Chí Minh','TicketGo','contact@ticketgo.com','0979552239','Nhà xe TicketGo là đơn vị chuyên cung cấp dịch vụ vận chuyển chất lượng cao, hướng đến sự hài lòng và an tâm của khách hàng trong từng hành trình. Với sứ mệnh trở thành người bạn đồng hành đáng tin cậy, chúng tôi không ngừng cải thiện và nâng cấp các dịch vụ để mang đến những trải nghiệm tốt nhất.\n\nTicketGo tự hào sở hữu đội ngũ lái xe giàu kinh nghiệm, thân thiện và được đào tạo chuyên nghiệp, cùng với hệ thống xe hiện đại, sạch sẽ và an toàn. Chúng tôi cung cấp đa dạng các tuyến đường, linh hoạt đáp ứng nhu cầu di chuyển của khách hàng, từ vận chuyển cá nhân, gia đình đến các đoàn thể, tổ chức.\n\nBên cạnh đó, TicketGo áp dụng công nghệ tiên tiến vào hệ thống đặt vé trực tuyến, giúp khách hàng dễ dàng tìm kiếm tuyến đường, lựa chọn chỗ ngồi và thanh toán nhanh chóng, tiện lợi. Chúng tôi cam kết minh bạch trong giá cả, hỗ trợ khách hàng tận tình và xử lý mọi yêu cầu một cách nhanh chóng.\n\nVới tôn chỉ \"Chất lượng - An toàn - Uy tín,\" TicketGo luôn nỗ lực từng ngày để mang đến những chuyến đi thoải mái, đúng giờ và đáng nhớ. Chúng tôi trân trọng sự tin tưởng của khách hàng và sẽ tiếp tục phát triển để trở thành sự lựa chọn hàng đầu trong lĩnh vực vận chuyển.',1,'https://static.vexere.com/production/banners/1209/vi_leaderboard_1440x480_1.jpg');
/*!40000 ALTER TABLE `bus_company` ENABLE KEYS */;
UNLOCK TABLES;

--
-- Table structure for table `buses`
--

DROP TABLE IF EXISTS `buses`;
/*!40101 SET @saved_cs_client     = @@character_set_client */;
/*!50503 SET character_set_client = utf8mb4 */;
CREATE TABLE `buses` (
  `bus_id` bigint(20) NOT NULL AUTO_INCREMENT,
  `created_at` datetime(6) DEFAULT NULL,
  `updated_at` datetime(6) DEFAULT NULL,
  `bus_image` varchar(255) COLLATE utf8mb4_unicode_ci NOT NULL,
  `bus_type` varchar(255) COLLATE utf8mb4_unicode_ci NOT NULL,
  `expiration_date` date NOT NULL,
  `floors` int(11) NOT NULL,
  `license_plate` varchar(255) COLLATE utf8mb4_unicode_ci NOT NULL,
  `registration_expiry` date NOT NULL,
  `total_seats` int(11) NOT NULL,
  PRIMARY KEY (`bus_id`),
  UNIQUE KEY `UK3tfjg4n3mo5ouw78vqflyrbeq` (`license_plate`)
) ENGINE=InnoDB AUTO_INCREMENT=16 DEFAULT CHARSET=utf8mb4 COLLATE=utf8mb4_unicode_ci;
/*!40101 SET character_set_client = @saved_cs_client */;

--
-- Dumping data for table `buses`
--

LOCK TABLES `buses` WRITE;
/*!40000 ALTER TABLE `buses` DISABLE KEYS */;
INSERT INTO `buses` VALUES (1,'2024-11-14 16:17:03.117163','2024-11-14 16:17:03.117163','https://res.cloudinary.com/dj1h07rea/image/upload/v1730118728/vi%CC%A3-tri%CC%81-so%CC%82%CC%81-ghe%CC%82%CC%81-xe-giu%CC%9Bo%CC%9B%CC%80ng-na%CC%86%CC%80m-1024x563_enuelc.jpg','Giường nằm 34 chỗ','2029-11-14',2,'51B-05001','2027-11-14',34),(2,'2024-11-14 16:17:03.234453','2024-11-14 16:17:03.234453','https://res.cloudinary.com/dj1h07rea/image/upload/v1729513741/z3887861317674_dd3bc0afcea0760dc9d713aa3a2b0a3f_ibsgxb.jpg','Limousine 22 Phòng','2029-11-14',2,'51B-05002','2026-11-14',22),(3,'2024-11-14 16:17:03.292602','2024-11-14 16:17:03.292602','https://res.cloudinary.com/dj1h07rea/image/upload/v1730118728/vi%CC%A3-tri%CC%81-so%CC%82%CC%81-ghe%CC%82%CC%81-xe-giu%CC%9Bo%CC%9B%CC%80ng-na%CC%86%CC%80m-1024x563_enuelc.jpg','Giường nằm 34 chỗ','2029-11-14',2,'51B-05003','2027-11-14',34),(4,'2024-11-14 16:17:03.373360','2024-11-14 16:17:03.373360','https://res.cloudinary.com/dj1h07rea/image/upload/v1729513741/z3887861317674_dd3bc0afcea0760dc9d713aa3a2b0a3f_ibsgxb.jpg','Limousine 22 Phòng','2029-11-14',2,'51B-05004','2026-11-14',22),(5,'2024-11-14 16:17:03.431463','2024-11-14 16:17:03.431463','https://res.cloudinary.com/dj1h07rea/image/upload/v1730118728/vi%CC%A3-tri%CC%81-so%CC%82%CC%81-ghe%CC%82%CC%81-xe-giu%CC%9Bo%CC%9B%CC%80ng-na%CC%86%CC%80m-1024x563_enuelc.jpg','Giường nằm 34 chỗ','2029-11-14',2,'51B-05005','2027-11-14',34),(6,'2024-11-14 16:17:03.509109','2024-11-14 16:17:03.509109','https://res.cloudinary.com/dj1h07rea/image/upload/v1729513741/z3887861317674_dd3bc0afcea0760dc9d713aa3a2b0a3f_ibsgxb.jpg','Limousine 22 Phòng','2029-11-14',2,'51B-05006','2026-11-14',22),(7,'2024-11-14 16:17:03.560658','2024-11-14 16:17:03.560658','https://res.cloudinary.com/dj1h07rea/image/upload/v1730118728/vi%CC%A3-tri%CC%81-so%CC%82%CC%81-ghe%CC%82%CC%81-xe-giu%CC%9Bo%CC%9B%CC%80ng-na%CC%86%CC%80m-1024x563_enuelc.jpg','Giường nằm 34 chỗ','2029-11-14',2,'51B-05007','2027-11-14',34),(8,'2024-11-14 16:17:03.637853','2024-11-14 16:17:03.637853','https://res.cloudinary.com/dj1h07rea/image/upload/v1729513741/z3887861317674_dd3bc0afcea0760dc9d713aa3a2b0a3f_ibsgxb.jpg','Limousine 22 Phòng','2029-11-14',2,'51B-05008','2026-11-14',22),(9,'2024-11-14 16:17:03.685438','2024-11-14 16:17:03.685438','https://res.cloudinary.com/dj1h07rea/image/upload/v1730118728/vi%CC%A3-tri%CC%81-so%CC%82%CC%81-ghe%CC%82%CC%81-xe-giu%CC%9Bo%CC%9B%CC%80ng-na%CC%86%CC%80m-1024x563_enuelc.jpg','Giường nằm 34 chỗ','2029-11-14',2,'51B-05009','2027-11-14',34),(10,'2024-11-14 16:17:03.752228','2024-11-14 16:17:03.752228','https://res.cloudinary.com/dj1h07rea/image/upload/v1729513741/z3887861317674_dd3bc0afcea0760dc9d713aa3a2b0a3f_ibsgxb.jpg','Limousine 22 Phòng','2029-11-14',2,'51B-05010','2026-11-14',22),(11,'2024-11-14 16:17:03.782234','2024-11-14 16:17:03.782234','https://res.cloudinary.com/dj1h07rea/image/upload/v1730118728/vi%CC%A3-tri%CC%81-so%CC%82%CC%81-ghe%CC%82%CC%81-xe-giu%CC%9Bo%CC%9B%CC%80ng-na%CC%86%CC%80m-1024x563_enuelc.jpg','Giường nằm 34 chỗ','2029-11-14',2,'51B-05011','2027-11-14',34),(12,'2024-11-14 16:17:03.822222','2024-11-14 16:17:03.822222','https://res.cloudinary.com/dj1h07rea/image/upload/v1729513741/z3887861317674_dd3bc0afcea0760dc9d713aa3a2b0a3f_ibsgxb.jpg','Limousine 22 Phòng','2029-11-14',2,'51B-05012','2026-11-14',22),(13,'2024-11-14 16:17:03.848196','2024-11-14 16:17:03.848196','https://res.cloudinary.com/dj1h07rea/image/upload/v1730118728/vi%CC%A3-tri%CC%81-so%CC%82%CC%81-ghe%CC%82%CC%81-xe-giu%CC%9Bo%CC%9B%CC%80ng-na%CC%86%CC%80m-1024x563_enuelc.jpg','Giường nằm 34 chỗ','2029-11-14',2,'51B-05013','2027-11-14',34),(14,'2024-11-14 16:17:03.902725','2024-11-14 16:17:03.902725','https://res.cloudinary.com/dj1h07rea/image/upload/v1729513741/z3887861317674_dd3bc0afcea0760dc9d713aa3a2b0a3f_ibsgxb.jpg','Limousine 22 Phòng','2029-11-14',2,'51B-05014','2026-11-14',22),(15,'2024-11-14 16:17:03.936763','2024-11-14 16:17:03.936763','https://res.cloudinary.com/dj1h07rea/image/upload/v1730118728/vi%CC%A3-tri%CC%81-so%CC%82%CC%81-ghe%CC%82%CC%81-xe-giu%CC%9Bo%CC%9B%CC%80ng-na%CC%86%CC%80m-1024x563_enuelc.jpg','Giường nằm 34 chỗ','2029-11-14',2,'51B-05015','2027-11-14',34);
/*!40000 ALTER TABLE `buses` ENABLE KEYS */;
UNLOCK TABLES;

--
-- Table structure for table `customers`
--

DROP TABLE IF EXISTS `customers`;
/*!40101 SET @saved_cs_client     = @@character_set_client */;
/*!50503 SET character_set_client = utf8mb4 */;
CREATE TABLE `customers` (
  `date_of_birth` date DEFAULT NULL,
  `full_name` varchar(255) COLLATE utf8mb4_unicode_ci NOT NULL,
  `phone_number` varchar(255) COLLATE utf8mb4_unicode_ci DEFAULT NULL,
  `points` int(11) DEFAULT NULL,
  `user_id` bigint(20) NOT NULL,
  PRIMARY KEY (`user_id`),
  CONSTRAINT `FKrh1g1a20omjmn6kurd35o3eit` FOREIGN KEY (`user_id`) REFERENCES `users` (`user_id`)
) ENGINE=InnoDB DEFAULT CHARSET=utf8mb4 COLLATE=utf8mb4_unicode_ci;
/*!40101 SET character_set_client = @saved_cs_client */;

--
-- Dumping data for table `customers`
--

LOCK TABLES `customers` WRITE;
/*!40000 ALTER TABLE `customers` DISABLE KEYS */;
INSERT INTO `customers` VALUES ('2000-01-01','test again','0909123456',0,2),('2003-11-09','Taylor Swift','0979552239',0,3),(NULL,'Tran Nguyen Phuong Tay',NULL,0,4),(NULL,'Tay Tran',NULL,0,5),(NULL,'Tay Phuong',NULL,0,6);
/*!40000 ALTER TABLE `customers` ENABLE KEYS */;
UNLOCK TABLES;

--
-- Table structure for table `messages`
--

DROP TABLE IF EXISTS `messages`;
/*!40101 SET @saved_cs_client     = @@character_set_client */;
/*!50503 SET character_set_client = utf8mb4 */;
CREATE TABLE `messages` (
  `message_id` bigint(20) NOT NULL AUTO_INCREMENT,
  `created_at` datetime(6) DEFAULT NULL,
  `updated_at` datetime(6) DEFAULT NULL,
  `content` varchar(255) COLLATE utf8mb4_unicode_ci NOT NULL,
  `sent_at` datetime(6) DEFAULT NULL,
  `receiver_id` bigint(20) NOT NULL,
  `sender_id` bigint(20) NOT NULL,
  PRIMARY KEY (`message_id`),
  KEY `FKt05r0b6n0iis8u7dfna4xdh73` (`receiver_id`),
  KEY `FK4ui4nnwntodh6wjvck53dbk9m` (`sender_id`),
  CONSTRAINT `FK4ui4nnwntodh6wjvck53dbk9m` FOREIGN KEY (`sender_id`) REFERENCES `users` (`user_id`),
  CONSTRAINT `FKt05r0b6n0iis8u7dfna4xdh73` FOREIGN KEY (`receiver_id`) REFERENCES `users` (`user_id`)
) ENGINE=InnoDB DEFAULT CHARSET=utf8mb4 COLLATE=utf8mb4_unicode_ci;
/*!40101 SET character_set_client = @saved_cs_client */;

--
-- Dumping data for table `messages`
--

LOCK TABLES `messages` WRITE;
/*!40000 ALTER TABLE `messages` DISABLE KEYS */;
/*!40000 ALTER TABLE `messages` ENABLE KEYS */;
UNLOCK TABLES;

--
-- Table structure for table `payments`
--

DROP TABLE IF EXISTS `payments`;
/*!40101 SET @saved_cs_client     = @@character_set_client */;
/*!50503 SET character_set_client = utf8mb4 */;
CREATE TABLE `payments` (
  `payment_id` bigint(20) NOT NULL AUTO_INCREMENT,
  `payment_date` datetime(6) NOT NULL,
  `type` enum('CASH','VNPAY') COLLATE utf8mb4_unicode_ci NOT NULL,
  PRIMARY KEY (`payment_id`)
) ENGINE=InnoDB AUTO_INCREMENT=12 DEFAULT CHARSET=utf8mb4 COLLATE=utf8mb4_unicode_ci;
/*!40101 SET character_set_client = @saved_cs_client */;

--
-- Dumping data for table `payments`
--

LOCK TABLES `payments` WRITE;
/*!40000 ALTER TABLE `payments` DISABLE KEYS */;
INSERT INTO `payments` VALUES (1,'2024-11-14 16:24:15.235020','VNPAY'),(2,'2024-11-14 16:55:48.818428','VNPAY'),(3,'2024-11-14 18:23:43.100476','VNPAY'),(4,'2024-11-17 09:58:59.366820','VNPAY'),(5,'2024-11-20 18:19:00.289733','VNPAY'),(6,'2024-11-20 18:54:09.956629','VNPAY'),(7,'2024-11-21 10:50:49.700914','VNPAY'),(8,'2024-11-30 10:09:01.956010','VNPAY'),(9,'2024-12-01 12:17:37.596145','VNPAY'),(10,'2024-12-01 12:28:59.462652','VNPAY'),(11,'2024-12-02 15:49:11.102365','VNPAY');
/*!40000 ALTER TABLE `payments` ENABLE KEYS */;
UNLOCK TABLES;

--
-- Table structure for table `policies`
--

DROP TABLE IF EXISTS `policies`;
/*!40101 SET @saved_cs_client     = @@character_set_client */;
/*!50503 SET character_set_client = utf8mb4 */;
CREATE TABLE `policies` (
  `id` bigint(20) NOT NULL AUTO_INCREMENT,
  `created_at` datetime(6) DEFAULT NULL,
  `updated_at` datetime(6) DEFAULT NULL,
  `policy_content` text COLLATE utf8mb4_unicode_ci NOT NULL,
  `policy_type` varchar(255) COLLATE utf8mb4_unicode_ci NOT NULL,
  `bus_company_id` bigint(20) NOT NULL,
  PRIMARY KEY (`id`),
  KEY `FK93c7qy2duuahviswd7co6ik6h` (`bus_company_id`),
  CONSTRAINT `FK93c7qy2duuahviswd7co6ik6h` FOREIGN KEY (`bus_company_id`) REFERENCES `bus_company` (`user_id`)
) ENGINE=InnoDB AUTO_INCREMENT=8 DEFAULT CHARSET=utf8mb4 COLLATE=utf8mb4_unicode_ci;
/*!40101 SET character_set_client = @saved_cs_client */;

--
-- Dumping data for table `policies`
--

LOCK TABLES `policies` WRITE;
/*!40000 ALTER TABLE `policies` DISABLE KEYS */;
INSERT INTO `policies` VALUES (1,'2024-11-11 18:43:49.000000','2024-11-11 18:43:49.000000','Phí huỷ sẽ được tính dựa trên giá gốc, không giảm trừ bất kỳ khuyến mãi hay giảm giá nào và không vượt quá số tiền quý khách đã thanh toán. Nếu quý khách huỷ vé trước 2 ngày so với thời gian khởi hành, toàn bộ số tiền sẽ được hoàn lại 100%. Trong trường hợp huỷ trước 1 ngày, quý khách sẽ được hoàn 30% số tiền đã thanh toán. Tuy nhiên, nếu huỷ trong vòng chưa đầy 1 ngày trước thời gian khởi hành, nhà xe sẽ không hỗ trợ hoàn tiền.','Chính sách hủy vé',1),(2,'2024-11-11 18:43:49.000000','2024-11-11 18:43:49.000000','Có mặt tại văn phòng/quầy vé/bến xe trước 30 phút để làm thủ tục lên xe.\nXuất trình SMS/Email đặt vé trước khi lên xe.\nKhông mang đồ ăn, thức ăn có mùi lên xe.\nKhông hút thuốc, uống rượu, sử dụng chất kích thích trên xe.\nKhông mang các vật dễ cháy nổ lên xe.\nKhông vứt rác trên xe.\nKhông làm ồn, gây mất trật tự trên xe.\nKhông mang giày, dép trên xe.','Yêu cầu khi lên xe',1),(3,'2024-11-11 18:43:49.000000','2024-11-11 18:43:49.000000','Tổng trọng lượng hành lý không vượt quá 20 kg.\nKhông vận chuyển hàng hóa cồng kềnh.\nKhông hoàn tiền trong trường hợp huỷ đơn hàng do vi phạm các quy định về hành lý.','Hành lý xách tay',1),(4,'2024-11-11 18:43:49.000000','2024-11-11 18:43:49.000000','Phụ nữ có thai cần đảm bảo sức khỏe trong suốt quá trình di chuyển.\nNhà xe có quyền từ chối phục vụ nếu hành khách không tuân thủ quy định về trẻ em và phụ nữ có thai.\nTrẻ em dưới 6 tuổi được miễn phí vé nếu ngồi cùng ghế/giường với bố mẹ.\nTrẻ em từ 6 tuổi trở lên mua vé như người lớn.\nĐối với xe phòng đôi: Không áp dụng chính sách trẻ em, tối đa 2 người/phòng bất kể độ tuổi hoặc kích thước.','Trẻ em và phụ nữ có thai',1),(5,'2024-11-11 18:43:49.000000','2024-11-11 18:43:49.000000','Nhà xe không nhận chở động vật cảnh/thú cưng','Động vật cảnh/Thú cưng',1),(6,'2024-11-11 18:43:49.000000','2024-11-11 18:43:49.000000','Nhà xe có cung cấp hóa đơn GTGT cho dịch vụ xe khách, phí xuất hóa đơn là 8 % trên giá dịch vụ quý khách đã mua','Xuất hóa đơn GTGT',1),(7,'2024-11-11 18:43:49.000000','2024-11-11 18:43:49.000000','Quý khách vui lòng liên hệ tổng đài TicketGo để được hỗ trợ bảng giá cước gửi xe và xác nhận còn chỗ trống để gửi kèm xe (trong trường hợp nhà xe không còn hầm trống sẽ không hỗ trợ nhận gửi kèm xe đạp/xe máy)','Gửi xe đạp/xe máy',1);
/*!40000 ALTER TABLE `policies` ENABLE KEYS */;
UNLOCK TABLES;

--
-- Table structure for table `promotions`
--

DROP TABLE IF EXISTS `promotions`;
/*!40101 SET @saved_cs_client     = @@character_set_client */;
/*!50503 SET character_set_client = utf8mb4 */;
CREATE TABLE `promotions` (
  `promotion_id` bigint(20) NOT NULL AUTO_INCREMENT,
  `created_at` datetime(6) DEFAULT NULL,
  `updated_at` datetime(6) DEFAULT NULL,
  `description` varchar(255) COLLATE utf8mb4_unicode_ci NOT NULL,
  `discount_code` varchar(255) COLLATE utf8mb4_unicode_ci DEFAULT NULL,
  `discount_percentage` double NOT NULL,
  `end_date` datetime(6) NOT NULL,
  `start_date` datetime(6) NOT NULL,
  PRIMARY KEY (`promotion_id`),
  UNIQUE KEY `UKoph2or8o0dxwc3ky8i2q95sgy` (`discount_code`)
) ENGINE=InnoDB DEFAULT CHARSET=utf8mb4 COLLATE=utf8mb4_unicode_ci;
/*!40101 SET character_set_client = @saved_cs_client */;

--
-- Dumping data for table `promotions`
--

LOCK TABLES `promotions` WRITE;
/*!40000 ALTER TABLE `promotions` DISABLE KEYS */;
/*!40000 ALTER TABLE `promotions` ENABLE KEYS */;
UNLOCK TABLES;

--
-- Table structure for table `reviews`
--

DROP TABLE IF EXISTS `reviews`;
/*!40101 SET @saved_cs_client     = @@character_set_client */;
/*!50503 SET character_set_client = utf8mb4 */;
CREATE TABLE `reviews` (
  `review_id` bigint(20) NOT NULL AUTO_INCREMENT,
  `created_at` datetime(6) DEFAULT NULL,
  `updated_at` datetime(6) DEFAULT NULL,
  `comment` varchar(255) COLLATE utf8mb4_unicode_ci DEFAULT NULL,
  `rating` int(11) NOT NULL,
  `booking_id` bigint(20) DEFAULT NULL,
  PRIMARY KEY (`review_id`),
  KEY `FK28an517hrxtt2bsg93uefugrm` (`booking_id`),
  CONSTRAINT `FK28an517hrxtt2bsg93uefugrm` FOREIGN KEY (`booking_id`) REFERENCES `bookings` (`booking_id`)
) ENGINE=InnoDB DEFAULT CHARSET=utf8mb4 COLLATE=utf8mb4_unicode_ci;
/*!40101 SET character_set_client = @saved_cs_client */;

--
-- Dumping data for table `reviews`
--

LOCK TABLES `reviews` WRITE;
/*!40000 ALTER TABLE `reviews` DISABLE KEYS */;
/*!40000 ALTER TABLE `reviews` ENABLE KEYS */;
UNLOCK TABLES;

--
-- Table structure for table `route_stops`
--

DROP TABLE IF EXISTS `route_stops`;
/*!40101 SET @saved_cs_client     = @@character_set_client */;
/*!50503 SET character_set_client = utf8mb4 */;
CREATE TABLE `route_stops` (
  `stop_id` bigint(20) NOT NULL AUTO_INCREMENT,
  `created_at` datetime(6) DEFAULT NULL,
  `updated_at` datetime(6) DEFAULT NULL,
  `arrival_time` datetime(6) NOT NULL,
  `location` varchar(255) COLLATE utf8mb4_unicode_ci NOT NULL,
  `stop_order` int(11) NOT NULL,
  `stop_type` enum('DROPOFF','PICKUP') COLLATE utf8mb4_unicode_ci NOT NULL,
  `schedule_id` bigint(20) NOT NULL,
  PRIMARY KEY (`stop_id`),
  KEY `FK3cbl3pplj8hx3s04h30v7v9v0` (`schedule_id`),
  CONSTRAINT `FK3cbl3pplj8hx3s04h30v7v9v0` FOREIGN KEY (`schedule_id`) REFERENCES `schedules` (`schedule_id`)
) ENGINE=InnoDB AUTO_INCREMENT=274 DEFAULT CHARSET=utf8mb4 COLLATE=utf8mb4_unicode_ci;
/*!40101 SET character_set_client = @saved_cs_client */;

--
-- Dumping data for table `route_stops`
--

LOCK TABLES `route_stops` WRITE;
/*!40000 ALTER TABLE `route_stops` DISABLE KEYS */;
INSERT INTO `route_stops` VALUES (1,'2024-11-14 16:17:04.160051','2024-11-14 16:17:04.160051','2024-11-20 14:05:00.000000','Ngã 3 Tân Vạn',8,'PICKUP',1),(2,'2024-11-14 16:17:04.165058','2024-11-14 16:17:04.165058','2024-11-20 20:36:00.000000','Ngã tư Đà Lạt',16,'DROPOFF',1),(3,'2024-11-14 16:17:04.165956','2024-11-14 16:17:04.165956','2024-11-20 20:37:00.000000','Bến xe Diên Khánh',17,'DROPOFF',1),(4,'2024-11-14 16:17:04.168049','2024-11-14 16:17:04.168049','2024-11-20 20:38:00.000000','Trạm y tế Diên Khánh',18,'DROPOFF',1),(5,'2024-11-14 16:17:04.168956','2024-11-14 16:17:04.168956','2024-11-20 14:06:00.000000','Ngã Tư Vũng Tàu',9,'PICKUP',1),(6,'2024-11-14 16:17:04.169954','2024-11-14 16:17:04.169954','2024-11-20 13:55:00.000000','KDL Suối Tiên',6,'PICKUP',1),(7,'2024-11-14 16:17:04.172051','2024-11-14 16:17:04.172051','2024-11-20 13:50:00.000000','Ngã Tư Thủ Đức',5,'PICKUP',1),(8,'2024-11-14 16:17:04.173057','2024-11-14 16:17:04.173057','2024-11-20 14:00:00.000000','Bến Xe Miền Đông Mới (Quầy 120)',7,'PICKUP',1),(9,'2024-11-14 16:17:04.174048','2024-11-14 16:17:04.174048','2024-11-20 20:40:00.000000','Ngã 3 Thành',19,'DROPOFF',1),(10,'2024-11-14 16:17:04.175043','2024-11-14 16:17:04.175043','2024-11-20 13:40:00.000000','Ngã 4 Tây Hoà (RMK)',3,'PICKUP',1),(11,'2024-11-14 16:17:04.176051','2024-11-14 16:17:04.176051','2024-11-20 13:45:00.000000','Ngã tư Bình Thái',4,'PICKUP',1),(12,'2024-11-14 16:17:04.177057','2024-11-14 16:17:04.177057','2024-11-20 20:05:00.000000','UBND phường Cam Nghĩa',10,'DROPOFF',1),(13,'2024-11-14 16:17:04.177962','2024-11-14 16:17:04.177962','2024-11-20 20:20:00.000000','Agribank CN Cam Lâm',12,'DROPOFF',1),(14,'2024-11-14 16:17:04.179049','2024-11-14 16:17:04.179049','2024-11-20 20:25:00.000000','Ngã Tư Cam Hải',14,'DROPOFF',1),(15,'2024-11-14 16:17:04.181060','2024-11-14 16:17:04.181060','2024-11-20 20:50:00.000000','Vp Thích Quảng Đức Nha Trang',20,'DROPOFF',1),(16,'2024-11-14 16:17:04.181959','2024-11-14 16:17:04.181959','2024-11-20 20:35:00.000000','Ngã ba Lập Định',15,'DROPOFF',1),(17,'2024-11-14 16:17:04.182954','2024-11-14 16:17:04.182954','2024-11-20 13:35:00.000000','Nhà chờ Phương Trang (Đường Mai Chí Thọ)',2,'PICKUP',1),(18,'2024-11-14 16:17:04.183953','2024-11-14 16:17:04.183953','2024-11-20 20:10:00.000000','Ngã 3 Mỹ Ca',11,'DROPOFF',1),(19,'2024-11-14 16:17:04.185059','2024-11-14 16:17:04.185059','2024-11-20 20:21:00.000000','Bưu điện Cam Lâm',13,'DROPOFF',1),(20,'2024-11-14 16:17:04.186048','2024-11-14 16:17:04.186048','2024-11-20 13:20:00.000000','Vp Nguyễn Cư Trinh, Q1',1,'PICKUP',1),(21,'2024-11-14 16:17:04.210084','2024-11-14 16:17:04.210084','2024-11-20 17:55:00.000000','KDL Suối Tiên',6,'PICKUP',2),(22,'2024-11-14 16:17:04.214053','2024-11-14 16:17:04.214053','2024-11-21 00:38:00.000000','Trạm y tế Diên Khánh',18,'DROPOFF',2),(23,'2024-11-14 16:17:04.215992','2024-11-14 16:17:04.215992','2024-11-20 17:40:00.000000','Ngã 4 Tây Hoà (RMK)',3,'PICKUP',2),(24,'2024-11-14 16:17:04.217001','2024-11-14 16:17:04.217001','2024-11-21 00:21:00.000000','Bưu điện Cam Lâm',13,'DROPOFF',2),(25,'2024-11-14 16:17:04.218951','2024-11-14 16:17:04.218951','2024-11-21 00:37:00.000000','Bến xe Diên Khánh',17,'DROPOFF',2),(26,'2024-11-14 16:17:04.219952','2024-11-14 16:17:04.219952','2024-11-20 17:20:00.000000','Vp Nguyễn Cư Trinh, Q1',1,'PICKUP',2),(27,'2024-11-14 16:17:04.220952','2024-11-14 16:17:04.220952','2024-11-20 17:50:00.000000','Ngã Tư Thủ Đức',5,'PICKUP',2),(28,'2024-11-14 16:17:04.222949','2024-11-14 16:17:04.222949','2024-11-20 18:06:00.000000','Ngã Tư Vũng Tàu',9,'PICKUP',2),(29,'2024-11-14 16:17:04.224947','2024-11-14 16:17:04.224947','2024-11-20 17:35:00.000000','Nhà chờ Phương Trang (Đường Mai Chí Thọ)',2,'PICKUP',2),(30,'2024-11-14 16:17:04.225947','2024-11-14 16:17:04.225947','2024-11-21 00:25:00.000000','Ngã Tư Cam Hải',14,'DROPOFF',2),(31,'2024-11-14 16:17:04.226967','2024-11-14 16:17:04.226967','2024-11-20 18:05:00.000000','Ngã 3 Tân Vạn',8,'PICKUP',2),(32,'2024-11-14 16:17:04.227951','2024-11-14 16:17:04.227951','2024-11-21 00:05:00.000000','UBND phường Cam Nghĩa',10,'DROPOFF',2),(33,'2024-11-14 16:17:04.228972','2024-11-14 16:17:04.228972','2024-11-21 00:20:00.000000','Agribank CN Cam Lâm',12,'DROPOFF',2),(34,'2024-11-14 16:17:04.229963','2024-11-14 16:17:04.229963','2024-11-21 00:10:00.000000','Ngã 3 Mỹ Ca',11,'DROPOFF',2),(35,'2024-11-14 16:17:04.231949','2024-11-14 16:17:04.231949','2024-11-21 00:36:00.000000','Ngã tư Đà Lạt',16,'DROPOFF',2),(36,'2024-11-14 16:17:04.232948','2024-11-14 16:17:04.232948','2024-11-20 17:45:00.000000','Ngã tư Bình Thái',4,'PICKUP',2),(37,'2024-11-14 16:17:04.233964','2024-11-14 16:17:04.233964','2024-11-21 00:35:00.000000','Ngã ba Lập Định',15,'DROPOFF',2),(38,'2024-11-14 16:17:04.234954','2024-11-14 16:17:04.234954','2024-11-20 18:00:00.000000','Bến Xe Miền Đông Mới (Quầy 120)',7,'PICKUP',2),(39,'2024-11-14 16:17:04.234954','2024-11-14 16:17:04.234954','2024-11-21 00:40:00.000000','Ngã 3 Thành',19,'DROPOFF',2),(40,'2024-11-14 16:17:04.237449','2024-11-14 16:17:04.237449','2024-11-21 00:50:00.000000','Vp Thích Quảng Đức Nha Trang',20,'DROPOFF',2),(41,'2024-11-14 16:17:04.253916','2024-11-14 16:17:04.253916','2024-11-20 21:20:00.000000','Vp Nguyễn Cư Trinh, Q1',1,'PICKUP',3),(42,'2024-11-14 16:17:04.254912','2024-11-14 16:17:04.254912','2024-11-21 04:10:00.000000','Ngã 3 Mỹ Ca',11,'DROPOFF',3),(43,'2024-11-14 16:17:04.255911','2024-11-14 16:17:04.255911','2024-11-21 04:05:00.000000','UBND phường Cam Nghĩa',10,'DROPOFF',3),(44,'2024-11-14 16:17:04.256898','2024-11-14 16:17:04.256898','2024-11-20 22:00:00.000000','Bến Xe Miền Đông Mới (Quầy 120)',7,'PICKUP',3),(45,'2024-11-14 16:17:04.257900','2024-11-14 16:17:04.257900','2024-11-20 21:40:00.000000','Ngã 4 Tây Hoà (RMK)',3,'PICKUP',3),(46,'2024-11-14 16:17:04.257900','2024-11-14 16:17:04.257900','2024-11-20 21:50:00.000000','Ngã Tư Thủ Đức',5,'PICKUP',3),(47,'2024-11-14 16:17:04.258898','2024-11-14 16:17:04.258898','2024-11-21 04:37:00.000000','Bến xe Diên Khánh',17,'DROPOFF',3),(48,'2024-11-14 16:17:04.259913','2024-11-14 16:17:04.259913','2024-11-21 04:50:00.000000','Vp Thích Quảng Đức Nha Trang',20,'DROPOFF',3),(49,'2024-11-14 16:17:04.260912','2024-11-14 16:17:04.260912','2024-11-20 21:45:00.000000','Ngã tư Bình Thái',4,'PICKUP',3),(50,'2024-11-14 16:17:04.262911','2024-11-14 16:17:04.262911','2024-11-20 21:55:00.000000','KDL Suối Tiên',6,'PICKUP',3),(51,'2024-11-14 16:17:04.263911','2024-11-14 16:17:04.263911','2024-11-20 22:06:00.000000','Ngã Tư Vũng Tàu',9,'PICKUP',3),(52,'2024-11-14 16:17:04.264899','2024-11-14 16:17:04.264899','2024-11-21 04:35:00.000000','Ngã ba Lập Định',15,'DROPOFF',3),(53,'2024-11-14 16:17:04.265898','2024-11-14 16:17:04.265898','2024-11-20 21:35:00.000000','Nhà chờ Phương Trang (Đường Mai Chí Thọ)',2,'PICKUP',3),(54,'2024-11-14 16:17:04.266900','2024-11-14 16:17:04.266900','2024-11-21 04:20:00.000000','Agribank CN Cam Lâm',12,'DROPOFF',3),(55,'2024-11-14 16:17:04.269002','2024-11-14 16:17:04.269002','2024-11-21 04:21:00.000000','Bưu điện Cam Lâm',13,'DROPOFF',3),(56,'2024-11-14 16:17:04.270000','2024-11-14 16:17:04.270000','2024-11-21 04:36:00.000000','Ngã tư Đà Lạt',16,'DROPOFF',3),(57,'2024-11-14 16:17:04.271389','2024-11-14 16:17:04.271389','2024-11-21 04:40:00.000000','Ngã 3 Thành',19,'DROPOFF',3),(58,'2024-11-14 16:17:04.272405','2024-11-14 16:17:04.272405','2024-11-21 04:38:00.000000','Trạm y tế Diên Khánh',18,'DROPOFF',3),(59,'2024-11-14 16:17:04.274401','2024-11-14 16:17:04.274401','2024-11-21 04:25:00.000000','Ngã Tư Cam Hải',14,'DROPOFF',3),(60,'2024-11-14 16:17:04.276400','2024-11-14 16:17:04.276400','2024-11-20 22:05:00.000000','Ngã 3 Tân Vạn',8,'PICKUP',3),(61,'2024-11-14 16:17:04.295553','2024-11-14 16:17:04.295553','2024-11-21 07:30:00.000000','Vp Nguyễn Cư Trinh, Q1',1,'PICKUP',4),(62,'2024-11-14 16:17:04.297553','2024-11-14 16:17:04.297553','2024-11-21 14:35:00.000000','Ngã Tư Cam Hải',14,'DROPOFF',4),(63,'2024-11-14 16:17:04.298557','2024-11-14 16:17:04.298557','2024-11-21 08:15:00.000000','Ngã 3 Tân Vạn',8,'PICKUP',4),(64,'2024-11-14 16:17:04.299553','2024-11-14 16:17:04.299553','2024-11-21 07:50:00.000000','Ngã 4 Tây Hoà (RMK)',3,'PICKUP',4),(65,'2024-11-14 16:17:04.300552','2024-11-14 16:17:04.300552','2024-11-21 14:31:00.000000','Bưu điện Cam Lâm',13,'DROPOFF',4),(66,'2024-11-14 16:17:04.301552','2024-11-14 16:17:04.301552','2024-11-21 08:00:00.000000','Ngã Tư Thủ Đức',5,'PICKUP',4),(67,'2024-11-14 16:17:04.302554','2024-11-14 16:17:04.302554','2024-11-21 14:15:00.000000','UBND phường Cam Nghĩa',10,'DROPOFF',4),(68,'2024-11-14 16:17:04.303552','2024-11-14 16:17:04.303552','2024-11-21 07:45:00.000000','Nhà chờ Phương Trang (Đường Mai Chí Thọ)',2,'PICKUP',4),(69,'2024-11-14 16:17:04.304554','2024-11-14 16:17:04.304554','2024-11-21 14:47:00.000000','Bến xe Diên Khánh',17,'DROPOFF',4),(70,'2024-11-14 16:17:04.306554','2024-11-14 16:17:04.306554','2024-11-21 07:55:00.000000','Ngã tư Bình Thái',4,'PICKUP',4),(71,'2024-11-14 16:17:04.307552','2024-11-14 16:17:04.307552','2024-11-21 14:20:00.000000','Ngã 3 Mỹ Ca',11,'DROPOFF',4),(72,'2024-11-14 16:17:04.307552','2024-11-14 16:17:04.307552','2024-11-21 14:50:00.000000','Ngã 3 Thành',19,'DROPOFF',4),(73,'2024-11-14 16:17:04.315554','2024-11-14 16:17:04.315554','2024-11-21 15:00:00.000000','Vp Thích Quảng Đức Nha Trang',20,'DROPOFF',4),(74,'2024-11-14 16:17:04.316553','2024-11-14 16:17:04.316553','2024-11-21 08:05:00.000000','KDL Suối Tiên',6,'PICKUP',4),(75,'2024-11-14 16:17:04.317552','2024-11-14 16:17:04.317552','2024-11-21 08:16:00.000000','Ngã Tư Vũng Tàu',9,'PICKUP',4),(76,'2024-11-14 16:17:04.318554','2024-11-14 16:17:04.318554','2024-11-21 14:46:00.000000','Ngã tư Đà Lạt',16,'DROPOFF',4),(77,'2024-11-14 16:17:04.319553','2024-11-14 16:17:04.319553','2024-11-21 08:10:00.000000','Bến Xe Miền Đông Mới (Quầy 120)',7,'PICKUP',4),(78,'2024-11-14 16:17:04.321555','2024-11-14 16:17:04.321555','2024-11-21 14:30:00.000000','Agribank CN Cam Lâm',12,'DROPOFF',4),(79,'2024-11-14 16:17:04.321555','2024-11-14 16:17:04.321555','2024-11-21 14:45:00.000000','Ngã ba Lập Định',15,'DROPOFF',4),(80,'2024-11-14 16:17:04.322584','2024-11-14 16:17:04.322584','2024-11-21 14:48:00.000000','Trạm y tế Diên Khánh',18,'DROPOFF',4),(81,'2024-11-14 16:17:04.344070','2024-11-14 16:17:04.344070','2024-11-21 12:05:00.000000','KDL Suối Tiên',6,'PICKUP',5),(82,'2024-11-14 16:17:04.345073','2024-11-14 16:17:04.345073','2024-11-21 18:35:00.000000','Ngã Tư Cam Hải',14,'DROPOFF',5),(83,'2024-11-14 16:17:04.347072','2024-11-14 16:17:04.347072','2024-11-21 11:50:00.000000','Ngã 4 Tây Hoà (RMK)',3,'PICKUP',5),(84,'2024-11-14 16:17:04.348077','2024-11-14 16:17:04.348077','2024-11-21 18:46:00.000000','Ngã tư Đà Lạt',16,'DROPOFF',5),(85,'2024-11-14 16:17:04.349075','2024-11-14 16:17:04.349075','2024-11-21 18:47:00.000000','Bến xe Diên Khánh',17,'DROPOFF',5),(86,'2024-11-14 16:17:04.350075','2024-11-14 16:17:04.350075','2024-11-21 12:00:00.000000','Ngã Tư Thủ Đức',5,'PICKUP',5),(87,'2024-11-14 16:17:04.350075','2024-11-14 16:17:04.350075','2024-11-21 18:50:00.000000','Ngã 3 Thành',19,'DROPOFF',5),(88,'2024-11-14 16:17:04.351588','2024-11-14 16:17:04.351588','2024-11-21 18:30:00.000000','Agribank CN Cam Lâm',12,'DROPOFF',5),(89,'2024-11-14 16:17:04.352602','2024-11-14 16:17:04.352602','2024-11-21 18:31:00.000000','Bưu điện Cam Lâm',13,'DROPOFF',5),(90,'2024-11-14 16:17:04.352602','2024-11-14 16:17:04.352602','2024-11-21 19:00:00.000000','Vp Thích Quảng Đức Nha Trang',20,'DROPOFF',5),(91,'2024-11-14 16:17:04.353598','2024-11-14 16:17:04.353598','2024-11-21 11:45:00.000000','Nhà chờ Phương Trang (Đường Mai Chí Thọ)',2,'PICKUP',5),(92,'2024-11-14 16:17:04.354604','2024-11-14 16:17:04.354604','2024-11-21 18:15:00.000000','UBND phường Cam Nghĩa',10,'DROPOFF',5),(93,'2024-11-14 16:17:04.355600','2024-11-14 16:17:04.355600','2024-11-21 12:15:00.000000','Ngã 3 Tân Vạn',8,'PICKUP',5),(94,'2024-11-14 16:17:04.356603','2024-11-14 16:17:04.356603','2024-11-21 18:48:00.000000','Trạm y tế Diên Khánh',18,'DROPOFF',5),(95,'2024-11-14 16:17:04.356603','2024-11-14 16:17:04.356603','2024-11-21 12:16:00.000000','Ngã Tư Vũng Tàu',9,'PICKUP',5),(96,'2024-11-14 16:17:04.357601','2024-11-14 16:17:04.357601','2024-11-21 11:30:00.000000','Vp Nguyễn Cư Trinh, Q1',1,'PICKUP',5),(97,'2024-11-14 16:17:04.358603','2024-11-14 16:17:04.358603','2024-11-21 18:45:00.000000','Ngã ba Lập Định',15,'DROPOFF',5),(98,'2024-11-14 16:17:04.360095','2024-11-14 16:17:04.360095','2024-11-21 11:55:00.000000','Ngã tư Bình Thái',4,'PICKUP',5),(99,'2024-11-14 16:17:04.361110','2024-11-14 16:17:04.361110','2024-11-21 12:10:00.000000','Bến Xe Miền Đông Mới (Quầy 120)',7,'PICKUP',5),(100,'2024-11-14 16:17:04.362108','2024-11-14 16:17:04.362108','2024-11-21 18:20:00.000000','Ngã 3 Mỹ Ca',11,'DROPOFF',5),(101,'2024-11-14 16:17:04.375115','2024-11-14 16:17:04.375115','2024-11-21 22:31:00.000000','Bưu điện Cam Lâm',13,'DROPOFF',6),(102,'2024-11-14 16:17:04.376113','2024-11-14 16:17:04.376113','2024-11-21 16:15:00.000000','Ngã 3 Tân Vạn',8,'PICKUP',6),(103,'2024-11-14 16:17:04.378111','2024-11-14 16:17:04.378111','2024-11-21 22:15:00.000000','UBND phường Cam Nghĩa',10,'DROPOFF',6),(104,'2024-11-14 16:17:04.379112','2024-11-14 16:17:04.379112','2024-11-21 22:20:00.000000','Ngã 3 Mỹ Ca',11,'DROPOFF',6),(105,'2024-11-14 16:17:04.380144','2024-11-14 16:17:04.380144','2024-11-21 22:47:00.000000','Bến xe Diên Khánh',17,'DROPOFF',6),(106,'2024-11-14 16:17:04.380144','2024-11-14 16:17:04.380144','2024-11-21 22:50:00.000000','Ngã 3 Thành',19,'DROPOFF',6),(107,'2024-11-14 16:17:04.381120','2024-11-14 16:17:04.381120','2024-11-21 15:45:00.000000','Nhà chờ Phương Trang (Đường Mai Chí Thọ)',2,'PICKUP',6),(108,'2024-11-14 16:17:04.382107','2024-11-14 16:17:04.382107','2024-11-21 22:48:00.000000','Trạm y tế Diên Khánh',18,'DROPOFF',6),(109,'2024-11-14 16:17:04.383106','2024-11-14 16:17:04.383106','2024-11-21 22:35:00.000000','Ngã Tư Cam Hải',14,'DROPOFF',6),(110,'2024-11-14 16:17:04.384125','2024-11-14 16:17:04.384125','2024-11-21 15:55:00.000000','Ngã tư Bình Thái',4,'PICKUP',6),(111,'2024-11-14 16:17:04.385119','2024-11-14 16:17:04.385119','2024-11-21 16:10:00.000000','Bến Xe Miền Đông Mới (Quầy 120)',7,'PICKUP',6),(112,'2024-11-14 16:17:04.386119','2024-11-14 16:17:04.386119','2024-11-21 22:30:00.000000','Agribank CN Cam Lâm',12,'DROPOFF',6),(113,'2024-11-14 16:17:04.388111','2024-11-14 16:17:04.388111','2024-11-21 16:16:00.000000','Ngã Tư Vũng Tàu',9,'PICKUP',6),(114,'2024-11-14 16:17:04.389108','2024-11-14 16:17:04.389108','2024-11-21 15:30:00.000000','Vp Nguyễn Cư Trinh, Q1',1,'PICKUP',6),(115,'2024-11-14 16:17:04.390112','2024-11-14 16:17:04.390112','2024-11-21 22:45:00.000000','Ngã ba Lập Định',15,'DROPOFF',6),(116,'2024-11-14 16:17:04.391123','2024-11-14 16:17:04.391123','2024-11-21 22:46:00.000000','Ngã tư Đà Lạt',16,'DROPOFF',6),(117,'2024-11-14 16:17:04.392107','2024-11-14 16:17:04.392107','2024-11-21 15:50:00.000000','Ngã 4 Tây Hoà (RMK)',3,'PICKUP',6),(118,'2024-11-14 16:17:04.393124','2024-11-14 16:17:04.393124','2024-11-21 16:00:00.000000','Ngã Tư Thủ Đức',5,'PICKUP',6),(119,'2024-11-14 16:17:04.394107','2024-11-14 16:17:04.394107','2024-11-21 16:05:00.000000','KDL Suối Tiên',6,'PICKUP',6),(120,'2024-11-14 16:17:04.395108','2024-11-14 16:17:04.395108','2024-11-21 23:00:00.000000','Vp Thích Quảng Đức Nha Trang',20,'DROPOFF',6),(121,'2024-11-14 16:17:04.415110','2024-11-14 16:17:04.415110','2024-11-22 10:31:00.000000','Ngã Tư Vũng Tàu',9,'PICKUP',7),(122,'2024-11-14 16:17:04.417112','2024-11-14 16:17:04.417112','2024-11-22 17:02:00.000000','Bến xe Diên Khánh',17,'DROPOFF',7),(123,'2024-11-14 16:17:04.418115','2024-11-14 16:17:04.418115','2024-11-22 10:20:00.000000','KDL Suối Tiên',6,'PICKUP',7),(124,'2024-11-14 16:17:04.419110','2024-11-14 16:17:04.419110','2024-11-22 17:03:00.000000','Trạm y tế Diên Khánh',18,'DROPOFF',7),(125,'2024-11-14 16:17:04.420114','2024-11-14 16:17:04.420114','2024-11-22 17:05:00.000000','Ngã 3 Thành',19,'DROPOFF',7),(126,'2024-11-14 16:17:04.422111','2024-11-14 16:17:04.422111','2024-11-22 10:00:00.000000','Nhà chờ Phương Trang (Đường Mai Chí Thọ)',2,'PICKUP',7),(127,'2024-11-14 16:17:04.423109','2024-11-14 16:17:04.423109','2024-11-22 16:45:00.000000','Agribank CN Cam Lâm',12,'DROPOFF',7),(128,'2024-11-14 16:17:04.424110','2024-11-14 16:17:04.424110','2024-11-22 16:46:00.000000','Bưu điện Cam Lâm',13,'DROPOFF',7),(129,'2024-11-14 16:17:04.425114','2024-11-14 16:17:04.425114','2024-11-22 17:15:00.000000','Vp Thích Quảng Đức Nha Trang',20,'DROPOFF',7),(130,'2024-11-14 16:17:04.427112','2024-11-14 16:17:04.427112','2024-11-22 09:45:00.000000','Vp Nguyễn Cư Trinh, Q1',1,'PICKUP',7),(131,'2024-11-14 16:17:04.428120','2024-11-14 16:17:04.428120','2024-11-22 17:00:00.000000','Ngã ba Lập Định',15,'DROPOFF',7),(132,'2024-11-14 16:17:04.429112','2024-11-14 16:17:04.429112','2024-11-22 10:30:00.000000','Ngã 3 Tân Vạn',8,'PICKUP',7),(133,'2024-11-14 16:17:04.431110','2024-11-14 16:17:04.431110','2024-11-22 17:01:00.000000','Ngã tư Đà Lạt',16,'DROPOFF',7),(134,'2024-11-14 16:17:04.432114','2024-11-14 16:17:04.432114','2024-11-22 16:30:00.000000','UBND phường Cam Nghĩa',10,'DROPOFF',7),(135,'2024-11-14 16:17:04.433109','2024-11-14 16:17:04.433109','2024-11-22 10:05:00.000000','Ngã 4 Tây Hoà (RMK)',3,'PICKUP',7),(136,'2024-11-14 16:17:04.434108','2024-11-14 16:17:04.434108','2024-11-22 10:10:00.000000','Ngã tư Bình Thái',4,'PICKUP',7),(137,'2024-11-14 16:17:04.435110','2024-11-14 16:17:04.435110','2024-11-22 16:35:00.000000','Ngã 3 Mỹ Ca',11,'DROPOFF',7),(138,'2024-11-14 16:17:04.436112','2024-11-14 16:17:04.436112','2024-11-22 10:25:00.000000','Bến Xe Miền Đông Mới (Quầy 120)',7,'PICKUP',7),(139,'2024-11-14 16:17:04.437124','2024-11-14 16:17:04.437124','2024-11-22 16:50:00.000000','Ngã Tư Cam Hải',14,'DROPOFF',7),(140,'2024-11-14 16:17:04.438372','2024-11-14 16:17:04.438372','2024-11-22 10:15:00.000000','Ngã Tư Thủ Đức',5,'PICKUP',7),(141,'2024-11-14 16:17:04.457620','2024-11-14 16:17:04.457620','2024-11-22 14:20:00.000000','KDL Suối Tiên',6,'PICKUP',8),(142,'2024-11-14 16:17:04.459285','2024-11-14 16:17:04.459285','2024-11-22 20:35:00.000000','Ngã 3 Mỹ Ca',11,'DROPOFF',8),(143,'2024-11-14 16:17:04.460452','2024-11-14 16:17:04.460452','2024-11-22 14:05:00.000000','Ngã 4 Tây Hoà (RMK)',3,'PICKUP',8),(144,'2024-11-14 16:17:04.461666','2024-11-14 16:17:04.461666','2024-11-22 13:45:00.000000','Vp Nguyễn Cư Trinh, Q1',1,'PICKUP',8),(145,'2024-11-14 16:17:04.462885','2024-11-14 16:17:04.462885','2024-11-22 20:46:00.000000','Bưu điện Cam Lâm',13,'DROPOFF',8),(146,'2024-11-14 16:17:04.463975','2024-11-14 16:17:04.463975','2024-11-22 14:15:00.000000','Ngã Tư Thủ Đức',5,'PICKUP',8),(147,'2024-11-14 16:17:04.465079','2024-11-14 16:17:04.465079','2024-11-22 14:10:00.000000','Ngã tư Bình Thái',4,'PICKUP',8),(148,'2024-11-14 16:17:04.466188','2024-11-14 16:17:04.466188','2024-11-22 14:31:00.000000','Ngã Tư Vũng Tàu',9,'PICKUP',8),(149,'2024-11-14 16:17:04.467313','2024-11-14 16:17:04.467313','2024-11-22 20:30:00.000000','UBND phường Cam Nghĩa',10,'DROPOFF',8),(150,'2024-11-14 16:17:04.468620','2024-11-14 16:17:04.468620','2024-11-22 20:50:00.000000','Ngã Tư Cam Hải',14,'DROPOFF',8),(151,'2024-11-14 16:17:04.469695','2024-11-14 16:17:04.469695','2024-11-22 14:25:00.000000','Bến Xe Miền Đông Mới (Quầy 120)',7,'PICKUP',8),(152,'2024-11-14 16:17:04.471299','2024-11-14 16:17:04.471299','2024-11-22 21:01:00.000000','Ngã tư Đà Lạt',16,'DROPOFF',8),(153,'2024-11-14 16:17:04.471812','2024-11-14 16:17:04.471812','2024-11-22 21:15:00.000000','Vp Thích Quảng Đức Nha Trang',20,'DROPOFF',8),(154,'2024-11-14 16:17:04.473336','2024-11-14 16:17:04.473336','2024-11-22 14:30:00.000000','Ngã 3 Tân Vạn',8,'PICKUP',8),(155,'2024-11-14 16:17:04.474850','2024-11-14 16:17:04.474850','2024-11-22 14:00:00.000000','Nhà chờ Phương Trang (Đường Mai Chí Thọ)',2,'PICKUP',8),(156,'2024-11-14 16:17:04.475866','2024-11-14 16:17:04.475866','2024-11-22 20:45:00.000000','Agribank CN Cam Lâm',12,'DROPOFF',8),(157,'2024-11-14 16:17:04.476867','2024-11-14 16:17:04.476867','2024-11-22 21:02:00.000000','Bến xe Diên Khánh',17,'DROPOFF',8),(158,'2024-11-14 16:17:04.478382','2024-11-14 16:17:04.478382','2024-11-22 21:00:00.000000','Ngã ba Lập Định',15,'DROPOFF',8),(159,'2024-11-14 16:17:04.479396','2024-11-14 16:17:04.479396','2024-11-22 21:03:00.000000','Trạm y tế Diên Khánh',18,'DROPOFF',8),(160,'2024-11-14 16:17:04.480400','2024-11-14 16:17:04.480400','2024-11-22 21:05:00.000000','Ngã 3 Thành',19,'DROPOFF',8),(161,'2024-11-14 16:17:04.496452','2024-11-14 16:17:04.496452','2024-11-23 00:46:00.000000','Bưu điện Cam Lâm',13,'DROPOFF',9),(162,'2024-11-14 16:17:04.497451','2024-11-14 16:17:04.497451','2024-11-22 18:20:00.000000','KDL Suối Tiên',6,'PICKUP',9),(163,'2024-11-14 16:17:04.499455','2024-11-14 16:17:04.499455','2024-11-22 18:31:00.000000','Ngã Tư Vũng Tàu',9,'PICKUP',9),(164,'2024-11-14 16:17:04.500458','2024-11-14 16:17:04.500458','2024-11-23 01:02:00.000000','Bến xe Diên Khánh',17,'DROPOFF',9),(165,'2024-11-14 16:17:04.501450','2024-11-14 16:17:04.501450','2024-11-22 18:30:00.000000','Ngã 3 Tân Vạn',8,'PICKUP',9),(166,'2024-11-14 16:17:04.502454','2024-11-14 16:17:04.502454','2024-11-23 01:01:00.000000','Ngã tư Đà Lạt',16,'DROPOFF',9),(167,'2024-11-14 16:17:04.503458','2024-11-14 16:17:04.503458','2024-11-23 01:05:00.000000','Ngã 3 Thành',19,'DROPOFF',9),(168,'2024-11-14 16:17:04.503458','2024-11-14 16:17:04.503458','2024-11-22 18:00:00.000000','Nhà chờ Phương Trang (Đường Mai Chí Thọ)',2,'PICKUP',9),(169,'2024-11-14 16:17:04.504967','2024-11-14 16:17:04.504967','2024-11-23 00:30:00.000000','UBND phường Cam Nghĩa',10,'DROPOFF',9),(170,'2024-11-14 16:17:04.505602','2024-11-14 16:17:04.505602','2024-11-23 01:03:00.000000','Trạm y tế Diên Khánh',18,'DROPOFF',9),(171,'2024-11-14 16:17:04.506621','2024-11-14 16:17:04.506621','2024-11-23 01:00:00.000000','Ngã ba Lập Định',15,'DROPOFF',9),(172,'2024-11-14 16:17:04.507620','2024-11-14 16:17:04.507620','2024-11-23 00:45:00.000000','Agribank CN Cam Lâm',12,'DROPOFF',9),(173,'2024-11-14 16:17:04.508474','2024-11-14 16:17:04.508474','2024-11-22 18:15:00.000000','Ngã Tư Thủ Đức',5,'PICKUP',9),(174,'2024-11-14 16:17:04.509074','2024-11-14 16:17:04.509074','2024-11-23 00:50:00.000000','Ngã Tư Cam Hải',14,'DROPOFF',9),(175,'2024-11-14 16:17:04.509630','2024-11-14 16:17:04.509630','2024-11-23 01:15:00.000000','Vp Thích Quảng Đức Nha Trang',20,'DROPOFF',9),(176,'2024-11-14 16:17:04.510759','2024-11-14 16:17:04.510759','2024-11-22 18:10:00.000000','Ngã tư Bình Thái',4,'PICKUP',9),(177,'2024-11-14 16:17:04.511313','2024-11-14 16:17:04.511313','2024-11-22 18:25:00.000000','Bến Xe Miền Đông Mới (Quầy 120)',7,'PICKUP',9),(178,'2024-11-14 16:17:04.511857','2024-11-14 16:17:04.511857','2024-11-23 00:35:00.000000','Ngã 3 Mỹ Ca',11,'DROPOFF',9),(179,'2024-11-14 16:17:04.513033','2024-11-14 16:17:04.513033','2024-11-22 17:45:00.000000','Vp Nguyễn Cư Trinh, Q1',1,'PICKUP',9),(180,'2024-11-14 16:17:04.513573','2024-11-14 16:17:04.513573','2024-11-22 18:05:00.000000','Ngã 4 Tây Hoà (RMK)',3,'PICKUP',9),(181,'2024-11-24 11:05:25.197090','2024-11-24 11:05:25.197090','2024-12-24 14:30:00.000000','Vp Thích Quảng Đức Nha Trang',20,'DROPOFF',10),(182,'2024-11-24 11:05:25.201622','2024-11-24 11:05:25.201622','2024-12-24 07:35:00.000000','KDL Suối Tiên',6,'PICKUP',10),(183,'2024-11-24 11:05:25.204619','2024-11-24 11:05:25.204619','2024-12-24 13:50:00.000000','Ngã 3 Mỹ Ca',11,'DROPOFF',10),(184,'2024-11-24 11:05:25.207643','2024-11-24 11:05:25.207643','2024-12-24 07:00:00.000000','Vp Nguyễn Cư Trinh, Q1',1,'PICKUP',10),(185,'2024-11-24 11:05:25.209619','2024-11-24 11:05:25.209619','2024-12-24 14:15:00.000000','Ngã ba Lập Định',15,'DROPOFF',10),(186,'2024-11-24 11:05:25.211624','2024-11-24 11:05:25.211624','2024-12-24 07:45:00.000000','Ngã 3 Tân Vạn',8,'PICKUP',10),(187,'2024-11-24 11:05:25.213622','2024-11-24 11:05:25.213622','2024-12-24 07:30:00.000000','Ngã Tư Thủ Đức',5,'PICKUP',10),(188,'2024-11-24 11:05:25.216621','2024-11-24 11:05:25.216621','2024-12-24 14:17:00.000000','Bến xe Diên Khánh',17,'DROPOFF',10),(189,'2024-11-24 11:05:25.218621','2024-11-24 11:05:25.218621','2024-12-24 07:20:00.000000','Ngã 4 Tây Hoà (RMK)',3,'PICKUP',10),(190,'2024-11-24 11:05:25.220622','2024-11-24 11:05:25.220622','2024-12-24 07:15:00.000000','Nhà chờ Phương Trang (Đường Mai Chí Thọ)',2,'PICKUP',10),(191,'2024-11-24 11:05:25.222622','2024-11-24 11:05:25.222622','2024-12-24 14:05:00.000000','Ngã Tư Cam Hải',14,'DROPOFF',10),(192,'2024-11-24 11:05:25.224620','2024-11-24 11:05:25.224620','2024-12-24 14:00:00.000000','Agribank CN Cam Lâm',12,'DROPOFF',10),(193,'2024-11-24 11:05:25.226620','2024-11-24 11:05:25.226620','2024-12-24 07:46:00.000000','Ngã Tư Vũng Tàu',9,'PICKUP',10),(194,'2024-11-24 11:05:25.228621','2024-11-24 11:05:25.228621','2024-12-24 14:18:00.000000','Trạm y tế Diên Khánh',18,'DROPOFF',10),(195,'2024-11-24 11:05:25.230622','2024-11-24 11:05:25.230622','2024-12-24 07:40:00.000000','Bến Xe Miền Đông Mới (Quầy 120)',7,'PICKUP',10),(196,'2024-11-24 11:05:25.233628','2024-11-24 11:05:25.233628','2024-12-24 13:45:00.000000','UBND phường Cam Nghĩa',10,'DROPOFF',10),(197,'2024-11-24 11:05:25.235629','2024-11-24 11:05:25.235629','2024-12-24 14:20:00.000000','Ngã 3 Thành',19,'DROPOFF',10),(198,'2024-11-24 11:05:25.237622','2024-11-24 11:05:25.237622','2024-12-24 07:25:00.000000','Ngã tư Bình Thái',4,'PICKUP',10),(199,'2024-11-24 11:05:25.239628','2024-11-24 11:05:25.239628','2024-12-24 14:01:00.000000','Bưu điện Cam Lâm',13,'DROPOFF',10),(200,'2024-11-24 11:05:25.241625','2024-11-24 11:05:25.241625','2024-12-24 14:16:00.000000','Ngã tư Đà Lạt',16,'DROPOFF',10),(201,'2024-11-24 11:05:25.279621','2024-11-24 11:05:25.279621','2024-12-24 17:45:00.000000','UBND phường Cam Nghĩa',10,'DROPOFF',11),(202,'2024-11-24 11:05:25.282621','2024-11-24 11:05:25.282621','2024-12-24 11:45:00.000000','Ngã 3 Tân Vạn',8,'PICKUP',11),(203,'2024-11-24 11:05:25.284646','2024-11-24 11:05:25.284646','2024-12-24 11:15:00.000000','Nhà chờ Phương Trang (Đường Mai Chí Thọ)',2,'PICKUP',11),(204,'2024-11-24 11:05:25.289646','2024-11-24 11:05:25.289646','2024-12-24 11:30:00.000000','Ngã Tư Thủ Đức',5,'PICKUP',11),(205,'2024-11-24 11:05:25.291639','2024-11-24 11:05:25.291639','2024-12-24 18:20:00.000000','Ngã 3 Thành',19,'DROPOFF',11),(206,'2024-11-24 11:05:25.292638','2024-11-24 11:05:25.292638','2024-12-24 11:40:00.000000','Bến Xe Miền Đông Mới (Quầy 120)',7,'PICKUP',11),(207,'2024-11-24 11:05:25.293640','2024-11-24 11:05:25.293640','2024-12-24 18:05:00.000000','Ngã Tư Cam Hải',14,'DROPOFF',11),(208,'2024-11-24 11:05:25.295643','2024-11-24 11:05:25.295643','2024-12-24 18:16:00.000000','Ngã tư Đà Lạt',16,'DROPOFF',11),(209,'2024-11-24 11:05:25.296657','2024-11-24 11:05:25.296657','2024-12-24 11:20:00.000000','Ngã 4 Tây Hoà (RMK)',3,'PICKUP',11),(210,'2024-11-24 11:05:25.299168','2024-11-24 11:05:25.299168','2024-12-24 18:01:00.000000','Bưu điện Cam Lâm',13,'DROPOFF',11),(211,'2024-11-24 11:05:25.301188','2024-11-24 11:05:25.301188','2024-12-24 11:35:00.000000','KDL Suối Tiên',6,'PICKUP',11),(212,'2024-11-24 11:05:25.303186','2024-11-24 11:05:25.303186','2024-12-24 17:50:00.000000','Ngã 3 Mỹ Ca',11,'DROPOFF',11),(213,'2024-11-24 11:05:25.304193','2024-11-24 11:05:25.304193','2024-12-24 18:00:00.000000','Agribank CN Cam Lâm',12,'DROPOFF',11),(214,'2024-11-24 11:05:25.306184','2024-11-24 11:05:25.306184','2024-12-24 18:15:00.000000','Ngã ba Lập Định',15,'DROPOFF',11),(215,'2024-11-24 11:05:25.308191','2024-11-24 11:05:25.308191','2024-12-24 18:30:00.000000','Vp Thích Quảng Đức Nha Trang',20,'DROPOFF',11),(216,'2024-11-24 11:05:25.310182','2024-11-24 11:05:25.310182','2024-12-24 11:46:00.000000','Ngã Tư Vũng Tàu',9,'PICKUP',11),(217,'2024-11-24 11:05:25.312187','2024-11-24 11:05:25.312187','2024-12-24 11:00:00.000000','Vp Nguyễn Cư Trinh, Q1',1,'PICKUP',11),(218,'2024-11-24 11:05:25.315181','2024-11-24 11:05:25.315181','2024-12-24 11:25:00.000000','Ngã tư Bình Thái',4,'PICKUP',11),(219,'2024-11-24 11:05:25.316179','2024-11-24 11:05:25.316179','2024-12-24 18:17:00.000000','Bến xe Diên Khánh',17,'DROPOFF',11),(220,'2024-11-24 11:05:25.319186','2024-11-24 11:05:25.319186','2024-12-24 18:18:00.000000','Trạm y tế Diên Khánh',18,'DROPOFF',11),(221,'2024-11-24 11:05:25.337181','2024-11-24 11:05:25.337181','2024-12-24 22:17:00.000000','Bến xe Diên Khánh',17,'DROPOFF',12),(222,'2024-11-24 11:05:25.341190','2024-11-24 11:05:25.341190','2024-12-24 22:15:00.000000','Ngã ba Lập Định',15,'DROPOFF',12),(223,'2024-11-24 11:05:25.342192','2024-11-24 11:05:25.342192','2024-12-24 22:05:00.000000','Ngã Tư Cam Hải',14,'DROPOFF',12),(224,'2024-11-24 11:05:25.344188','2024-11-24 11:05:25.344188','2024-12-24 22:30:00.000000','Vp Thích Quảng Đức Nha Trang',20,'DROPOFF',12),(225,'2024-11-24 11:05:25.346180','2024-11-24 11:05:25.346180','2024-12-24 15:46:00.000000','Ngã Tư Vũng Tàu',9,'PICKUP',12),(226,'2024-11-24 11:05:25.348182','2024-11-24 11:05:25.348182','2024-12-24 22:01:00.000000','Bưu điện Cam Lâm',13,'DROPOFF',12),(227,'2024-11-24 11:05:25.350181','2024-11-24 11:05:25.350181','2024-12-24 15:00:00.000000','Vp Nguyễn Cư Trinh, Q1',1,'PICKUP',12),(228,'2024-11-24 11:05:25.352183','2024-11-24 11:05:25.352183','2024-12-24 21:45:00.000000','UBND phường Cam Nghĩa',10,'DROPOFF',12),(229,'2024-11-24 11:05:25.354180','2024-11-24 11:05:25.354180','2024-12-24 15:45:00.000000','Ngã 3 Tân Vạn',8,'PICKUP',12),(230,'2024-11-24 11:05:25.355184','2024-11-24 11:05:25.355184','2024-12-24 22:00:00.000000','Agribank CN Cam Lâm',12,'DROPOFF',12),(231,'2024-11-24 11:05:25.356176','2024-11-24 11:05:25.356176','2024-12-24 15:20:00.000000','Ngã 4 Tây Hoà (RMK)',3,'PICKUP',12),(232,'2024-11-24 11:05:25.358180','2024-11-24 11:05:25.358180','2024-12-24 22:18:00.000000','Trạm y tế Diên Khánh',18,'DROPOFF',12),(233,'2024-11-24 11:05:25.360179','2024-11-24 11:05:25.360179','2024-12-24 15:30:00.000000','Ngã Tư Thủ Đức',5,'PICKUP',12),(234,'2024-11-24 11:05:25.363189','2024-11-24 11:05:25.363189','2024-12-24 22:16:00.000000','Ngã tư Đà Lạt',16,'DROPOFF',12),(235,'2024-11-24 11:05:25.365180','2024-11-24 11:05:25.365180','2024-12-24 22:20:00.000000','Ngã 3 Thành',19,'DROPOFF',12),(236,'2024-11-24 11:05:25.367232','2024-11-24 11:05:25.367232','2024-12-24 15:25:00.000000','Ngã tư Bình Thái',4,'PICKUP',12),(237,'2024-11-24 11:05:25.368181','2024-11-24 11:05:25.368181','2024-12-24 15:35:00.000000','KDL Suối Tiên',6,'PICKUP',12),(238,'2024-11-24 11:05:25.370183','2024-11-24 11:05:25.370183','2024-12-24 21:50:00.000000','Ngã 3 Mỹ Ca',11,'DROPOFF',12),(239,'2024-11-24 11:05:25.371181','2024-11-24 11:05:25.371181','2024-12-24 15:40:00.000000','Bến Xe Miền Đông Mới (Quầy 120)',7,'PICKUP',12),(240,'2024-11-24 11:05:25.373183','2024-11-24 11:05:25.373183','2024-12-24 15:15:00.000000','Nhà chờ Phương Trang (Đường Mai Chí Thọ)',2,'PICKUP',12),(241,'2024-12-02 15:45:06.105420','2024-12-02 15:45:06.105420','2024-12-31 23:45:00.000000','Ngã Tư Phú Nhuận',3,'PICKUP',13),(242,'2024-12-02 15:45:06.108419','2024-12-02 15:45:06.108419','2025-01-01 00:06:00.000000','Ngã tư Bình Thái',8,'PICKUP',13),(243,'2024-12-02 15:45:06.111566','2024-12-02 15:45:06.111566','2024-12-31 23:30:00.000000','VP Tân Bình',1,'PICKUP',13),(244,'2024-12-02 15:45:06.114571','2024-12-02 15:45:06.114571','2025-01-01 06:01:00.000000','Cao tốc Liên Khương',14,'DROPOFF',13),(245,'2024-12-02 15:45:06.116569','2024-12-02 15:45:06.116569','2025-01-01 07:30:00.000000','Nội thành Đà Lạt (bán kính 7km)',17,'DROPOFF',13),(246,'2024-12-02 15:45:06.119564','2024-12-02 15:45:06.119564','2025-01-01 00:00:00.000000','Trạm Bus Metro Quận 2',6,'PICKUP',13),(247,'2024-12-02 15:45:06.121590','2024-12-02 15:45:06.121590','2025-01-01 03:30:00.000000','Ngã 3 Madagui',11,'DROPOFF',13),(248,'2024-12-02 15:45:06.123578','2024-12-02 15:45:06.123578','2025-01-01 07:30:00.000000','VP Đà Lạt',16,'DROPOFF',13),(249,'2024-12-02 15:45:06.124560','2024-12-02 15:45:06.124560','2025-01-01 04:30:00.000000','Coop Mart Bảo Lộc',12,'DROPOFF',13),(250,'2024-12-02 15:45:06.125562','2024-12-02 15:45:06.125562','2024-12-31 23:55:00.000000','Ngã tư Bạch Đằng - Đinh Bộ Lĩnh',5,'PICKUP',13),(251,'2024-12-02 15:45:06.126562','2024-12-02 15:45:06.126562','2024-12-31 23:40:00.000000','Lăng Cha Cả',2,'PICKUP',13),(252,'2024-12-02 15:45:06.128564','2024-12-02 15:45:06.128564','2025-01-01 00:20:00.000000','Văn Phòng Thủ Đức',9,'PICKUP',13),(253,'2024-12-02 15:45:06.130562','2024-12-02 15:45:06.130562','2025-01-01 00:05:00.000000','Ngã 4 Tây Hoà (RMK)',7,'PICKUP',13),(254,'2024-12-02 15:45:06.132560','2024-12-02 15:45:06.132560','2025-01-01 00:30:00.000000','Bến xe Miền Đông Mới',10,'PICKUP',13),(255,'2024-12-02 15:45:06.134560','2024-12-02 15:45:06.134560','2025-01-01 06:00:00.000000','Ngã ba Liên Khương',13,'DROPOFF',13),(256,'2024-12-02 15:45:06.135560','2024-12-02 15:45:06.135560','2024-12-31 23:50:00.000000','Chợ Bà Chiểu',4,'PICKUP',13),(257,'2024-12-02 15:45:06.136559','2024-12-02 15:45:06.136559','2025-01-01 06:30:00.000000','Thu phí Định An - Cao tốc Liên Khương',15,'DROPOFF',13),(258,'2024-12-02 15:47:26.352628','2024-12-02 15:47:26.352628','2024-12-31 07:20:00.000000','Chợ Bà Chiểu',4,'PICKUP',14),(259,'2024-12-02 15:47:26.355628','2024-12-02 15:47:26.355628','2024-12-31 14:30:00.000000','VP Đà Lạt',16,'DROPOFF',14),(260,'2024-12-02 15:47:26.359628','2024-12-02 15:47:26.359628','2024-12-31 07:25:00.000000','Ngã tư Bạch Đằng - Đinh Bộ Lĩnh',5,'PICKUP',14),(261,'2024-12-02 15:47:26.361624','2024-12-02 15:47:26.361624','2024-12-31 07:10:00.000000','Lăng Cha Cả',2,'PICKUP',14),(262,'2024-12-02 15:47:26.364625','2024-12-02 15:47:26.364625','2024-12-31 13:30:00.000000','Thu phí Định An - Cao tốc Liên Khương',15,'DROPOFF',14),(263,'2024-12-02 15:47:26.367630','2024-12-02 15:47:26.367630','2024-12-31 11:30:00.000000','Ngã 3 Madagui',11,'DROPOFF',14),(264,'2024-12-02 15:47:26.369625','2024-12-02 15:47:26.369625','2024-12-31 07:15:00.000000','Ngã Tư Phú Nhuận',3,'PICKUP',14),(265,'2024-12-02 15:47:26.372717','2024-12-02 15:47:26.372717','2024-12-31 07:35:00.000000','Ngã 4 Tây Hoà (RMK)',7,'PICKUP',14),(266,'2024-12-02 15:47:26.375092','2024-12-02 15:47:26.375092','2024-12-31 07:36:00.000000','Ngã tư Bình Thái',8,'PICKUP',14),(267,'2024-12-02 15:47:26.378531','2024-12-02 15:47:26.378531','2024-12-31 12:30:00.000000','Coop Mart Bảo Lộc',12,'DROPOFF',14),(268,'2024-12-02 15:47:26.381531','2024-12-02 15:47:26.381531','2024-12-31 07:50:00.000000','Bến xe Miền Đông Mới',10,'PICKUP',14),(269,'2024-12-02 15:47:26.383531','2024-12-02 15:47:26.383531','2024-12-31 07:37:00.000000','Văn Phòng Thủ Đức',9,'PICKUP',14),(270,'2024-12-02 15:47:26.394591','2024-12-02 15:47:26.394591','2024-12-31 13:00:00.000000','Ngã ba Liên Khương',13,'DROPOFF',14),(271,'2024-12-02 15:47:26.399591','2024-12-02 15:47:26.399591','2024-12-31 07:00:00.000000','VP Tân Bình',1,'PICKUP',14),(272,'2024-12-02 15:47:26.404590','2024-12-02 15:47:26.404590','2024-12-31 13:01:00.000000','Cao tốc Liên Khương',14,'DROPOFF',14),(273,'2024-12-02 15:47:26.409200','2024-12-02 15:47:26.409200','2024-12-31 07:30:00.000000','Trạm Bus Metro Quận 2',6,'PICKUP',14);
/*!40000 ALTER TABLE `route_stops` ENABLE KEYS */;
UNLOCK TABLES;

--
-- Table structure for table `routes`
--

DROP TABLE IF EXISTS `routes`;
/*!40101 SET @saved_cs_client     = @@character_set_client */;
/*!50503 SET character_set_client = utf8mb4 */;
CREATE TABLE `routes` (
  `route_id` bigint(20) NOT NULL AUTO_INCREMENT,
  `created_at` datetime(6) DEFAULT NULL,
  `updated_at` datetime(6) DEFAULT NULL,
  `arrival_address` varchar(255) COLLATE utf8mb4_unicode_ci NOT NULL,
  `arrival_location` varchar(255) COLLATE utf8mb4_unicode_ci NOT NULL,
  `departure_address` varchar(255) COLLATE utf8mb4_unicode_ci NOT NULL,
  `departure_location` varchar(255) COLLATE utf8mb4_unicode_ci NOT NULL,
  `route_image` varchar(255) COLLATE utf8mb4_unicode_ci DEFAULT NULL,
  `route_name` varchar(255) COLLATE utf8mb4_unicode_ci NOT NULL,
  PRIMARY KEY (`route_id`)
) ENGINE=InnoDB AUTO_INCREMENT=9 DEFAULT CHARSET=utf8mb4 COLLATE=utf8mb4_unicode_ci;
/*!40101 SET character_set_client = @saved_cs_client */;

--
-- Dumping data for table `routes`
--

LOCK TABLES `routes` WRITE;
/*!40000 ALTER TABLE `routes` DISABLE KEYS */;
INSERT INTO `routes` VALUES (1,'2024-11-14 16:17:04.010944','2024-11-14 16:17:04.010944','','Vũng Tàu','','Sài Gòn','https://res.cloudinary.com/dj1h07rea/image/upload/v1731470672/kinh-nghiem-du-lich-vung-tau-1_svcgev.jpg','Sài Gòn - Vũng Tàu'),(2,'2024-11-14 16:17:04.015940','2024-11-14 16:17:04.015940','','Sài Gòn','','Vũng Tàu',NULL,'Vũng Tàu - Sài Gòn'),(3,'2024-11-14 16:17:04.016928','2024-11-14 16:17:04.016928','','Đà Lạt','','Sài Gòn','https://res.cloudinary.com/dj1h07rea/image/upload/v1731470844/1688465738-grasp-the-rainy-season-travel-tips-to-da-lat_qcdoqu.jpg','Sài Gòn - Đà Lạt'),(4,'2024-11-14 16:17:04.018944','2024-11-14 16:17:04.018944','','Sài Gòn','','Đà Lạt',NULL,'Đà Lạt - Sài Gòn'),(5,'2024-11-14 16:17:04.019950','2024-11-14 16:17:04.019950','Vp Thích Quảng Đức Nha Trang','Nha Trang','Vp Nguyễn Cư Trinh, Q1','Sài Gòn','https://res.cloudinary.com/dj1h07rea/image/upload/v1731470997/mot-so-kinh-nghiem-du-lich-nha-trang-cuc-bo-ich-ban-nen-biet-202201102016092511_qtysar.jpg','Sài Gòn - Nha Trang'),(6,'2024-11-14 16:17:04.020942','2024-11-14 16:17:04.020942','','Sài Gòn','','Nha Trang',NULL,'Nha Trang - Sài Gòn'),(7,'2024-11-14 16:17:04.021941','2024-11-14 16:17:04.021941','','Phan Thiết','','Sài Gòn','https://res.cloudinary.com/dj1h07rea/image/upload/v1731471006/du-lich-phan-thiet-mui-ne-mui-ke-ga-2023-8712_wzz9oe.jpg','Sài Gòn - Phan Thiết'),(8,'2024-11-14 16:17:04.022941','2024-11-14 16:17:04.022941','','Sài Gòn','','Phan Thiết',NULL,'Phan Thiết - Sài Gòn');
/*!40000 ALTER TABLE `routes` ENABLE KEYS */;
UNLOCK TABLES;

--
-- Table structure for table `schedules`
--

DROP TABLE IF EXISTS `schedules`;
/*!40101 SET @saved_cs_client     = @@character_set_client */;
/*!50503 SET character_set_client = utf8mb4 */;
CREATE TABLE `schedules` (
  `schedule_id` bigint(20) NOT NULL AUTO_INCREMENT,
  `created_at` datetime(6) DEFAULT NULL,
  `updated_at` datetime(6) DEFAULT NULL,
  `arrival_time` datetime(6) NOT NULL,
  `departure_time` datetime(6) NOT NULL,
  `price` double NOT NULL,
  `bus_id` bigint(20) DEFAULT NULL,
  `route_id` bigint(20) DEFAULT NULL,
  `is_visible` bit(1) NOT NULL,
  PRIMARY KEY (`schedule_id`),
  UNIQUE KEY `UKp8pg1pcwuj75a60fk9nf8axhk` (`bus_id`,`route_id`,`departure_time`),
  KEY `FKc29vj8art9umx13trmnv0pqw7` (`route_id`),
  CONSTRAINT `FKc29vj8art9umx13trmnv0pqw7` FOREIGN KEY (`route_id`) REFERENCES `routes` (`route_id`),
  CONSTRAINT `FKpuih24muu99o0lkfkasqh26uj` FOREIGN KEY (`bus_id`) REFERENCES `buses` (`bus_id`)
) ENGINE=InnoDB AUTO_INCREMENT=15 DEFAULT CHARSET=utf8mb4 COLLATE=utf8mb4_unicode_ci;
/*!40101 SET character_set_client = @saved_cs_client */;

--
-- Dumping data for table `schedules`
--

LOCK TABLES `schedules` WRITE;
/*!40000 ALTER TABLE `schedules` DISABLE KEYS */;
INSERT INTO `schedules` VALUES (1,'2024-11-14 16:17:04.155956','2024-11-14 16:17:04.685767','2024-11-20 20:50:00.000000','2024-11-20 13:20:00.000000',500000,10,5,_binary '\0'),(2,'2024-11-14 16:17:04.209048','2024-11-14 16:17:04.874584','2024-11-21 00:50:00.000000','2024-11-20 17:20:00.000000',400000,11,5,_binary '\0'),(3,'2024-11-14 16:17:04.252899','2024-11-14 16:17:05.000144','2024-11-21 04:50:00.000000','2024-11-20 21:20:00.000000',300000,12,5,_binary '\0'),(4,'2024-11-14 16:17:04.294554','2024-11-14 16:17:05.131696','2024-11-21 15:00:00.000000','2024-11-21 07:30:00.000000',450000,10,5,_binary '\0'),(5,'2024-11-14 16:17:04.342076','2024-11-14 16:17:05.348155','2024-11-21 19:00:00.000000','2024-11-21 11:30:00.000000',600000,11,5,_binary '\0'),(6,'2024-11-14 16:17:04.374104','2024-11-14 16:17:05.527251','2024-11-21 23:00:00.000000','2024-11-21 15:30:00.000000',500000,12,5,_binary '\0'),(7,'2024-11-14 16:17:04.414108','2024-11-14 16:17:05.697124','2024-11-22 17:15:00.000000','2024-11-22 09:45:00.000000',500000,10,5,_binary '\0'),(8,'2024-11-14 16:17:04.455970','2024-11-14 16:17:05.926150','2024-11-22 21:15:00.000000','2024-11-22 13:45:00.000000',500000,11,5,_binary '\0'),(9,'2024-11-14 16:17:04.495454','2024-11-14 16:17:06.043626','2024-11-23 01:15:00.000000','2024-11-22 17:45:00.000000',500000,12,5,_binary '\0'),(10,'2024-11-24 11:05:25.148090','2024-11-24 11:08:09.445996','2024-12-24 14:30:00.000000','2024-12-24 07:00:00.000000',400000,10,5,_binary ''),(11,'2024-11-24 11:05:25.277626','2024-11-24 11:08:09.571266','2024-12-24 18:30:00.000000','2024-12-24 11:00:00.000000',450000,11,5,_binary ''),(12,'2024-11-24 11:05:25.334178','2024-11-24 11:08:09.647357','2024-12-24 22:30:00.000000','2024-12-24 15:00:00.000000',500000,12,5,_binary ''),(13,'2024-12-02 15:45:06.076518','2024-12-02 15:48:08.758837','2025-01-01 07:30:00.000000','2024-12-31 23:30:00.000000',400000,1,3,_binary ''),(14,'2024-12-02 15:47:26.301519','2024-12-02 15:48:08.847213','2024-12-31 14:30:00.000000','2024-12-31 07:00:00.000000',350000,10,3,_binary '');
/*!40000 ALTER TABLE `schedules` ENABLE KEYS */;
UNLOCK TABLES;

--
-- Table structure for table `seats`
--

DROP TABLE IF EXISTS `seats`;
/*!40101 SET @saved_cs_client     = @@character_set_client */;
/*!50503 SET character_set_client = utf8mb4 */;
CREATE TABLE `seats` (
  `seat_id` bigint(20) NOT NULL AUTO_INCREMENT,
  `created_at` datetime(6) DEFAULT NULL,
  `updated_at` datetime(6) DEFAULT NULL,
  `col` varchar(255) COLLATE utf8mb4_unicode_ci NOT NULL,
  `floor` int(11) NOT NULL,
  `row` int(11) NOT NULL,
  `seat_number` varchar(255) COLLATE utf8mb4_unicode_ci NOT NULL,
  `bus_id` bigint(20) NOT NULL,
  PRIMARY KEY (`seat_id`),
  KEY `FKdysgofh5bvo6ijbxunf7x6fa6` (`bus_id`),
  CONSTRAINT `FKdysgofh5bvo6ijbxunf7x6fa6` FOREIGN KEY (`bus_id`) REFERENCES `buses` (`bus_id`)
) ENGINE=InnoDB AUTO_INCREMENT=427 DEFAULT CHARSET=utf8mb4 COLLATE=utf8mb4_unicode_ci;
/*!40101 SET character_set_client = @saved_cs_client */;

--
-- Dumping data for table `seats`
--

LOCK TABLES `seats` WRITE;
/*!40000 ALTER TABLE `seats` DISABLE KEYS */;
INSERT INTO `seats` VALUES (1,'2024-11-14 16:17:03.132165','2024-11-14 16:17:03.132165','F',2,5,'5F',1),(2,'2024-11-14 16:17:03.138160','2024-11-14 16:17:03.138160','B',1,1,'1B',1),(3,'2024-11-14 16:17:03.141162','2024-11-14 16:17:03.141162','B',1,5,'5B',1),(4,'2024-11-14 16:17:03.145166','2024-11-14 16:17:03.145166','A',1,2,'2A',1),(5,'2024-11-14 16:17:03.149271','2024-11-14 16:17:03.149271','B',1,2,'2B',1),(6,'2024-11-14 16:17:03.152443','2024-11-14 16:17:03.152443','C',1,3,'3C',1),(7,'2024-11-14 16:17:03.154448','2024-11-14 16:17:03.154448','D',2,5,'5D',1),(8,'2024-11-14 16:17:03.158439','2024-11-14 16:17:03.158439','F',2,1,'1F',1),(9,'2024-11-14 16:17:03.160446','2024-11-14 16:17:03.160446','E',2,4,'4E',1),(10,'2024-11-14 16:17:03.164442','2024-11-14 16:17:03.164442','A',1,6,'6A',1),(11,'2024-11-14 16:17:03.166441','2024-11-14 16:17:03.166441','F',2,4,'4F',1),(12,'2024-11-14 16:17:03.169544','2024-11-14 16:17:03.169544','E',2,6,'6E',1),(13,'2024-11-14 16:17:03.172442','2024-11-14 16:17:03.172442','A',1,4,'4A',1),(14,'2024-11-14 16:17:03.176546','2024-11-14 16:17:03.176546','B',1,3,'3B',1),(15,'2024-11-14 16:17:03.179445','2024-11-14 16:17:03.179445','D',2,1,'1D',1),(16,'2024-11-14 16:17:03.183453','2024-11-14 16:17:03.183453','E',2,3,'3E',1),(17,'2024-11-14 16:17:03.185450','2024-11-14 16:17:03.185450','E',2,2,'2E',1),(18,'2024-11-14 16:17:03.187446','2024-11-14 16:17:03.187446','D',2,4,'4D',1),(19,'2024-11-14 16:17:03.190442','2024-11-14 16:17:03.190442','F',2,3,'3F',1),(20,'2024-11-14 16:17:03.193445','2024-11-14 16:17:03.193445','C',1,2,'2C',1),(21,'2024-11-14 16:17:03.196443','2024-11-14 16:17:03.196443','A',1,1,'1A',1),(22,'2024-11-14 16:17:03.199444','2024-11-14 16:17:03.199444','C',1,5,'5C',1),(23,'2024-11-14 16:17:03.202542','2024-11-14 16:17:03.202542','F',2,2,'2F',1),(24,'2024-11-14 16:17:03.205446','2024-11-14 16:17:03.205446','E',2,1,'1E',1),(25,'2024-11-14 16:17:03.207542','2024-11-14 16:17:03.207542','A',1,3,'3A',1),(26,'2024-11-14 16:17:03.210443','2024-11-14 16:17:03.210443','D',2,2,'2D',1),(27,'2024-11-14 16:17:03.213443','2024-11-14 16:17:03.213443','B',1,6,'6B',1),(28,'2024-11-14 16:17:03.216439','2024-11-14 16:17:03.216439','C',1,4,'4C',1),(29,'2024-11-14 16:17:03.218442','2024-11-14 16:17:03.218442','C',1,1,'1C',1),(30,'2024-11-14 16:17:03.220459','2024-11-14 16:17:03.220459','A',1,5,'5A',1),(31,'2024-11-14 16:17:03.223440','2024-11-14 16:17:03.223440','D',2,3,'3D',1),(32,'2024-11-14 16:17:03.225445','2024-11-14 16:17:03.225445','D',2,6,'6D',1),(33,'2024-11-14 16:17:03.227443','2024-11-14 16:17:03.227443','B',1,4,'4B',1),(34,'2024-11-14 16:17:03.231443','2024-11-14 16:17:03.231443','E',2,5,'5E',1),(35,'2024-11-14 16:17:03.238461','2024-11-14 16:17:03.238461','D',2,2,'2D',2),(36,'2024-11-14 16:17:03.241462','2024-11-14 16:17:03.241462','C',2,1,'1C',2),(37,'2024-11-14 16:17:03.243463','2024-11-14 16:17:03.243463','D',2,5,'5D',2),(38,'2024-11-14 16:17:03.245486','2024-11-14 16:17:03.245486','B',1,4,'4B',2),(39,'2024-11-14 16:17:03.247488','2024-11-14 16:17:03.247488','C',2,2,'2C',2),(40,'2024-11-14 16:17:03.250603','2024-11-14 16:17:03.250603','D',2,3,'3D',2),(41,'2024-11-14 16:17:03.252601','2024-11-14 16:17:03.252601','B',1,5,'5B',2),(42,'2024-11-14 16:17:03.254614','2024-11-14 16:17:03.254614','A',1,1,'1A',2),(43,'2024-11-14 16:17:03.257613','2024-11-14 16:17:03.257613','D',2,4,'4D',2),(44,'2024-11-14 16:17:03.259601','2024-11-14 16:17:03.259601','B',1,1,'1B',2),(45,'2024-11-14 16:17:03.262603','2024-11-14 16:17:03.262603','D',2,1,'1D',2),(46,'2024-11-14 16:17:03.264603','2024-11-14 16:17:03.265600','A',1,4,'4A',2),(47,'2024-11-14 16:17:03.267625','2024-11-14 16:17:03.267625','A',1,6,'6A',2),(48,'2024-11-14 16:17:03.270603','2024-11-14 16:17:03.270603','C',2,3,'3C',2),(49,'2024-11-14 16:17:03.272602','2024-11-14 16:17:03.272602','B',1,3,'3B',2),(50,'2024-11-14 16:17:03.275613','2024-11-14 16:17:03.275613','C',2,4,'4C',2),(51,'2024-11-14 16:17:03.278603','2024-11-14 16:17:03.278603','C',2,5,'5C',2),(52,'2024-11-14 16:17:03.281603','2024-11-14 16:17:03.281603','A',1,3,'3A',2),(53,'2024-11-14 16:17:03.284603','2024-11-14 16:17:03.284603','A',1,5,'5A',2),(54,'2024-11-14 16:17:03.286602','2024-11-14 16:17:03.286602','C',2,6,'6C',2),(55,'2024-11-14 16:17:03.288600','2024-11-14 16:17:03.288600','A',1,2,'2A',2),(56,'2024-11-14 16:17:03.290605','2024-11-14 16:17:03.290605','B',1,2,'2B',2),(57,'2024-11-14 16:17:03.295603','2024-11-14 16:17:03.295603','D',2,6,'6D',3),(58,'2024-11-14 16:17:03.299609','2024-11-14 16:17:03.299609','A',1,3,'3A',3),(59,'2024-11-14 16:17:03.301602','2024-11-14 16:17:03.301602','D',2,5,'5D',3),(60,'2024-11-14 16:17:03.303606','2024-11-14 16:17:03.303606','C',1,4,'4C',3),(61,'2024-11-14 16:17:03.305608','2024-11-14 16:17:03.305608','F',2,1,'1F',3),(62,'2024-11-14 16:17:03.307616','2024-11-14 16:17:03.307616','E',2,4,'4E',3),(63,'2024-11-14 16:17:03.309613','2024-11-14 16:17:03.309613','E',2,1,'1E',3),(64,'2024-11-14 16:17:03.312617','2024-11-14 16:17:03.312617','A',1,5,'5A',3),(65,'2024-11-14 16:17:03.314625','2024-11-14 16:17:03.314625','E',2,2,'2E',3),(66,'2024-11-14 16:17:03.316619','2024-11-14 16:17:03.316619','C',1,3,'3C',3),(67,'2024-11-14 16:17:03.318602','2024-11-14 16:17:03.318602','F',2,3,'3F',3),(68,'2024-11-14 16:17:03.321614','2024-11-14 16:17:03.321614','E',2,3,'3E',3),(69,'2024-11-14 16:17:03.323618','2024-11-14 16:17:03.323618','A',1,1,'1A',3),(70,'2024-11-14 16:17:03.325613','2024-11-14 16:17:03.325613','B',1,1,'1B',3),(71,'2024-11-14 16:17:03.327613','2024-11-14 16:17:03.327613','C',1,1,'1C',3),(72,'2024-11-14 16:17:03.329613','2024-11-14 16:17:03.329613','B',1,2,'2B',3),(73,'2024-11-14 16:17:03.331619','2024-11-14 16:17:03.332613','C',1,2,'2C',3),(74,'2024-11-14 16:17:03.334617','2024-11-14 16:17:03.334617','C',1,5,'5C',3),(75,'2024-11-14 16:17:03.336650','2024-11-14 16:17:03.336650','B',1,5,'5B',3),(76,'2024-11-14 16:17:03.338647','2024-11-14 16:17:03.338647','A',1,6,'6A',3),(77,'2024-11-14 16:17:03.341648','2024-11-14 16:17:03.341648','B',1,6,'6B',3),(78,'2024-11-14 16:17:03.342631','2024-11-14 16:17:03.342631','E',2,5,'5E',3),(79,'2024-11-14 16:17:03.344633','2024-11-14 16:17:03.344633','A',1,4,'4A',3),(80,'2024-11-14 16:17:03.347741','2024-11-14 16:17:03.347741','D',2,3,'3D',3),(81,'2024-11-14 16:17:03.349729','2024-11-14 16:17:03.349729','B',1,4,'4B',3),(82,'2024-11-14 16:17:03.351463','2024-11-14 16:17:03.351463','D',2,4,'4D',3),(83,'2024-11-14 16:17:03.354461','2024-11-14 16:17:03.354461','F',2,4,'4F',3),(84,'2024-11-14 16:17:03.356361','2024-11-14 16:17:03.356361','D',2,2,'2D',3),(85,'2024-11-14 16:17:03.358369','2024-11-14 16:17:03.358369','D',2,1,'1D',3),(86,'2024-11-14 16:17:03.361410','2024-11-14 16:17:03.361410','A',1,2,'2A',3),(87,'2024-11-14 16:17:03.363356','2024-11-14 16:17:03.363356','B',1,3,'3B',3),(88,'2024-11-14 16:17:03.366467','2024-11-14 16:17:03.366467','E',2,6,'6E',3),(89,'2024-11-14 16:17:03.368359','2024-11-14 16:17:03.368359','F',2,2,'2F',3),(90,'2024-11-14 16:17:03.371466','2024-11-14 16:17:03.371466','F',2,5,'5F',3),(91,'2024-11-14 16:17:03.376465','2024-11-14 16:17:03.376465','C',2,1,'1C',4),(92,'2024-11-14 16:17:03.379466','2024-11-14 16:17:03.379466','B',1,3,'3B',4),(93,'2024-11-14 16:17:03.381465','2024-11-14 16:17:03.381465','D',2,5,'5D',4),(94,'2024-11-14 16:17:03.384360','2024-11-14 16:17:03.384360','D',2,3,'3D',4),(95,'2024-11-14 16:17:03.386356','2024-11-14 16:17:03.386356','B',1,2,'2B',4),(96,'2024-11-14 16:17:03.388359','2024-11-14 16:17:03.388359','A',1,6,'6A',4),(97,'2024-11-14 16:17:03.391358','2024-11-14 16:17:03.391358','C',2,3,'3C',4),(98,'2024-11-14 16:17:03.394356','2024-11-14 16:17:03.394356','C',2,5,'5C',4),(99,'2024-11-14 16:17:03.397361','2024-11-14 16:17:03.397361','C',2,6,'6C',4),(100,'2024-11-14 16:17:03.400455','2024-11-14 16:17:03.400455','D',2,4,'4D',4),(101,'2024-11-14 16:17:03.402469','2024-11-14 16:17:03.402469','A',1,1,'1A',4),(102,'2024-11-14 16:17:03.404385','2024-11-14 16:17:03.404385','A',1,3,'3A',4),(103,'2024-11-14 16:17:03.407360','2024-11-14 16:17:03.407360','B',1,1,'1B',4),(104,'2024-11-14 16:17:03.409432','2024-11-14 16:17:03.409432','A',1,2,'2A',4),(105,'2024-11-14 16:17:03.412357','2024-11-14 16:17:03.412357','D',2,1,'1D',4),(106,'2024-11-14 16:17:03.415361','2024-11-14 16:17:03.415361','A',1,4,'4A',4),(107,'2024-11-14 16:17:03.417373','2024-11-14 16:17:03.417373','B',1,5,'5B',4),(108,'2024-11-14 16:17:03.420375','2024-11-14 16:17:03.420375','C',2,2,'2C',4),(109,'2024-11-14 16:17:03.422473','2024-11-14 16:17:03.422473','A',1,5,'5A',4),(110,'2024-11-14 16:17:03.424452','2024-11-14 16:17:03.424452','C',2,4,'4C',4),(111,'2024-11-14 16:17:03.427461','2024-11-14 16:17:03.427461','B',1,4,'4B',4),(112,'2024-11-14 16:17:03.429456','2024-11-14 16:17:03.429456','D',2,2,'2D',4),(113,'2024-11-14 16:17:03.433478','2024-11-14 16:17:03.433478','C',1,2,'2C',5),(114,'2024-11-14 16:17:03.435476','2024-11-14 16:17:03.435476','E',2,2,'2E',5),(115,'2024-11-14 16:17:03.438579','2024-11-14 16:17:03.438579','B',1,1,'1B',5),(116,'2024-11-14 16:17:03.440577','2024-11-14 16:17:03.440577','D',2,1,'1D',5),(117,'2024-11-14 16:17:03.442477','2024-11-14 16:17:03.442477','B',1,6,'6B',5),(118,'2024-11-14 16:17:03.445475','2024-11-14 16:17:03.445475','F',2,2,'2F',5),(119,'2024-11-14 16:17:03.447510','2024-11-14 16:17:03.447510','E',2,3,'3E',5),(120,'2024-11-14 16:17:03.448478','2024-11-14 16:17:03.448478','D',2,6,'6D',5),(121,'2024-11-14 16:17:03.451207','2024-11-14 16:17:03.451207','D',2,5,'5D',5),(122,'2024-11-14 16:17:03.455114','2024-11-14 16:17:03.455114','B',1,4,'4B',5),(123,'2024-11-14 16:17:03.457110','2024-11-14 16:17:03.457110','F',2,4,'4F',5),(124,'2024-11-14 16:17:03.459202','2024-11-14 16:17:03.459202','A',1,2,'2A',5),(125,'2024-11-14 16:17:03.461107','2024-11-14 16:17:03.461107','A',1,4,'4A',5),(126,'2024-11-14 16:17:03.463117','2024-11-14 16:17:03.463117','C',1,4,'4C',5),(127,'2024-11-14 16:17:03.465201','2024-11-14 16:17:03.465201','E',2,5,'5E',5),(128,'2024-11-14 16:17:03.467114','2024-11-14 16:17:03.467114','E',2,1,'1E',5),(129,'2024-11-14 16:17:03.469201','2024-11-14 16:17:03.469201','B',1,3,'3B',5),(130,'2024-11-14 16:17:03.471202','2024-11-14 16:17:03.471202','B',1,5,'5B',5),(131,'2024-11-14 16:17:03.473111','2024-11-14 16:17:03.473111','C',1,5,'5C',5),(132,'2024-11-14 16:17:03.475211','2024-11-14 16:17:03.475211','D',2,2,'2D',5),(133,'2024-11-14 16:17:03.477211','2024-11-14 16:17:03.477211','A',1,1,'1A',5),(134,'2024-11-14 16:17:03.479212','2024-11-14 16:17:03.479212','C',1,1,'1C',5),(135,'2024-11-14 16:17:03.480219','2024-11-14 16:17:03.480219','B',1,2,'2B',5),(136,'2024-11-14 16:17:03.483207','2024-11-14 16:17:03.483207','A',1,5,'5A',5),(137,'2024-11-14 16:17:03.485210','2024-11-14 16:17:03.485210','E',2,4,'4E',5),(138,'2024-11-14 16:17:03.487209','2024-11-14 16:17:03.487209','C',1,3,'3C',5),(139,'2024-11-14 16:17:03.489111','2024-11-14 16:17:03.489111','D',2,3,'3D',5),(140,'2024-11-14 16:17:03.493125','2024-11-14 16:17:03.493125','F',2,5,'5F',5),(141,'2024-11-14 16:17:03.496119','2024-11-14 16:17:03.496119','D',2,4,'4D',5),(142,'2024-11-14 16:17:03.498126','2024-11-14 16:17:03.498126','A',1,6,'6A',5),(143,'2024-11-14 16:17:03.500105','2024-11-14 16:17:03.500105','F',2,1,'1F',5),(144,'2024-11-14 16:17:03.502104','2024-11-14 16:17:03.502104','E',2,6,'6E',5),(145,'2024-11-14 16:17:03.504120','2024-11-14 16:17:03.504120','A',1,3,'3A',5),(146,'2024-11-14 16:17:03.507110','2024-11-14 16:17:03.507110','F',2,3,'3F',5),(147,'2024-11-14 16:17:03.511108','2024-11-14 16:17:03.511108','C',2,3,'3C',6),(148,'2024-11-14 16:17:03.513104','2024-11-14 16:17:03.513104','C',2,4,'4C',6),(149,'2024-11-14 16:17:03.516124','2024-11-14 16:17:03.516124','A',1,6,'6A',6),(150,'2024-11-14 16:17:03.518107','2024-11-14 16:17:03.518107','D',2,1,'1D',6),(151,'2024-11-14 16:17:03.520106','2024-11-14 16:17:03.520106','D',2,2,'2D',6),(152,'2024-11-14 16:17:03.522104','2024-11-14 16:17:03.522104','C',2,6,'6C',6),(153,'2024-11-14 16:17:03.524103','2024-11-14 16:17:03.524103','B',1,2,'2B',6),(154,'2024-11-14 16:17:03.526104','2024-11-14 16:17:03.526104','D',2,5,'5D',6),(155,'2024-11-14 16:17:03.528105','2024-11-14 16:17:03.528105','A',1,1,'1A',6),(156,'2024-11-14 16:17:03.531103','2024-11-14 16:17:03.531103','D',2,4,'4D',6),(157,'2024-11-14 16:17:03.533105','2024-11-14 16:17:03.533105','C',2,1,'1C',6),(158,'2024-11-14 16:17:03.535106','2024-11-14 16:17:03.535106','D',2,3,'3D',6),(159,'2024-11-14 16:17:03.537130','2024-11-14 16:17:03.537130','C',2,5,'5C',6),(160,'2024-11-14 16:17:03.542128','2024-11-14 16:17:03.542128','A',1,3,'3A',6),(161,'2024-11-14 16:17:03.544127','2024-11-14 16:17:03.544127','A',1,5,'5A',6),(162,'2024-11-14 16:17:03.545115','2024-11-14 16:17:03.545115','B',1,1,'1B',6),(163,'2024-11-14 16:17:03.548127','2024-11-14 16:17:03.548127','B',1,4,'4B',6),(164,'2024-11-14 16:17:03.549127','2024-11-14 16:17:03.549127','A',1,2,'2A',6),(165,'2024-11-14 16:17:03.551660','2024-11-14 16:17:03.551660','B',1,3,'3B',6),(166,'2024-11-14 16:17:03.553653','2024-11-14 16:17:03.553653','C',2,2,'2C',6),(167,'2024-11-14 16:17:03.555659','2024-11-14 16:17:03.555659','A',1,4,'4A',6),(168,'2024-11-14 16:17:03.557657','2024-11-14 16:17:03.557657','B',1,5,'5B',6),(169,'2024-11-14 16:17:03.563655','2024-11-14 16:17:03.563655','E',2,3,'3E',7),(170,'2024-11-14 16:17:03.565653','2024-11-14 16:17:03.565653','D',2,4,'4D',7),(171,'2024-11-14 16:17:03.568748','2024-11-14 16:17:03.568748','D',2,1,'1D',7),(172,'2024-11-14 16:17:03.570750','2024-11-14 16:17:03.570750','B',1,5,'5B',7),(173,'2024-11-14 16:17:03.572757','2024-11-14 16:17:03.572757','E',2,1,'1E',7),(174,'2024-11-14 16:17:03.575649','2024-11-14 16:17:03.575649','C',1,3,'3C',7),(175,'2024-11-14 16:17:03.577658','2024-11-14 16:17:03.577658','A',1,3,'3A',7),(176,'2024-11-14 16:17:03.580648','2024-11-14 16:17:03.580648','F',2,5,'5F',7),(177,'2024-11-14 16:17:03.583643','2024-11-14 16:17:03.583643','E',2,6,'6E',7),(178,'2024-11-14 16:17:03.585647','2024-11-14 16:17:03.585647','B',1,3,'3B',7),(179,'2024-11-14 16:17:03.587648','2024-11-14 16:17:03.587648','B',1,2,'2B',7),(180,'2024-11-14 16:17:03.589701','2024-11-14 16:17:03.589701','E',2,4,'4E',7),(181,'2024-11-14 16:17:03.591755','2024-11-14 16:17:03.591755','C',1,2,'2C',7),(182,'2024-11-14 16:17:03.593751','2024-11-14 16:17:03.593751','B',1,6,'6B',7),(183,'2024-11-14 16:17:03.595748','2024-11-14 16:17:03.595748','A',1,2,'2A',7),(184,'2024-11-14 16:17:03.597749','2024-11-14 16:17:03.597749','A',1,5,'5A',7),(185,'2024-11-14 16:17:03.599645','2024-11-14 16:17:03.599645','F',2,1,'1F',7),(186,'2024-11-14 16:17:03.601650','2024-11-14 16:17:03.601650','C',1,1,'1C',7),(187,'2024-11-14 16:17:03.603741','2024-11-14 16:17:03.603741','C',1,4,'4C',7),(188,'2024-11-14 16:17:03.606701','2024-11-14 16:17:03.606701','B',1,4,'4B',7),(189,'2024-11-14 16:17:03.607649','2024-11-14 16:17:03.607649','F',2,4,'4F',7),(190,'2024-11-14 16:17:03.610747','2024-11-14 16:17:03.610747','A',1,1,'1A',7),(191,'2024-11-14 16:17:03.612745','2024-11-14 16:17:03.612745','E',2,2,'2E',7),(192,'2024-11-14 16:17:03.614700','2024-11-14 16:17:03.614700','D',2,5,'5D',7),(193,'2024-11-14 16:17:03.615747','2024-11-14 16:17:03.615747','A',1,6,'6A',7),(194,'2024-11-14 16:17:03.618741','2024-11-14 16:17:03.618741','C',1,5,'5C',7),(195,'2024-11-14 16:17:03.620746','2024-11-14 16:17:03.620746','F',2,2,'2F',7),(196,'2024-11-14 16:17:03.622741','2024-11-14 16:17:03.622741','A',1,4,'4A',7),(197,'2024-11-14 16:17:03.623647','2024-11-14 16:17:03.623647','D',2,3,'3D',7),(198,'2024-11-14 16:17:03.626747','2024-11-14 16:17:03.626747','D',2,2,'2D',7),(199,'2024-11-14 16:17:03.628644','2024-11-14 16:17:03.628644','D',2,6,'6D',7),(200,'2024-11-14 16:17:03.630715','2024-11-14 16:17:03.630715','B',1,1,'1B',7),(201,'2024-11-14 16:17:03.632653','2024-11-14 16:17:03.632653','F',2,3,'3F',7),(202,'2024-11-14 16:17:03.634744','2024-11-14 16:17:03.634744','E',2,5,'5E',7),(203,'2024-11-14 16:17:03.639811','2024-11-14 16:17:03.639811','C',2,6,'6C',8),(204,'2024-11-14 16:17:03.640825','2024-11-14 16:17:03.640825','A',1,2,'2A',8),(205,'2024-11-14 16:17:03.644755','2024-11-14 16:17:03.644755','B',1,4,'4B',8),(206,'2024-11-14 16:17:03.646754','2024-11-14 16:17:03.646754','C',2,4,'4C',8),(207,'2024-11-14 16:17:03.648758','2024-11-14 16:17:03.648758','A',1,1,'1A',8),(208,'2024-11-14 16:17:03.652469','2024-11-14 16:17:03.652469','D',2,1,'1D',8),(209,'2024-11-14 16:17:03.655362','2024-11-14 16:17:03.655362','D',2,5,'5D',8),(210,'2024-11-14 16:17:03.657472','2024-11-14 16:17:03.657472','C',2,2,'2C',8),(211,'2024-11-14 16:17:03.659372','2024-11-14 16:17:03.659372','A',1,6,'6A',8),(212,'2024-11-14 16:17:03.661433','2024-11-14 16:17:03.661433','A',1,4,'4A',8),(213,'2024-11-14 16:17:03.663368','2024-11-14 16:17:03.663368','B',1,5,'5B',8),(214,'2024-11-14 16:17:03.665430','2024-11-14 16:17:03.665430','D',2,3,'3D',8),(215,'2024-11-14 16:17:03.668471','2024-11-14 16:17:03.668471','B',1,2,'2B',8),(216,'2024-11-14 16:17:03.669471','2024-11-14 16:17:03.669471','D',2,4,'4D',8),(217,'2024-11-14 16:17:03.671428','2024-11-14 16:17:03.671428','C',2,3,'3C',8),(218,'2024-11-14 16:17:03.673465','2024-11-14 16:17:03.673465','B',1,1,'1B',8),(219,'2024-11-14 16:17:03.674371','2024-11-14 16:17:03.674371','A',1,3,'3A',8),(220,'2024-11-14 16:17:03.676471','2024-11-14 16:17:03.676471','B',1,3,'3B',8),(221,'2024-11-14 16:17:03.678470','2024-11-14 16:17:03.678470','A',1,5,'5A',8),(222,'2024-11-14 16:17:03.680465','2024-11-14 16:17:03.680465','C',2,5,'5C',8),(223,'2024-11-14 16:17:03.682487','2024-11-14 16:17:03.682487','C',2,1,'1C',8),(224,'2024-11-14 16:17:03.683373','2024-11-14 16:17:03.683373','D',2,2,'2D',8),(225,'2024-11-14 16:17:03.687372','2024-11-14 16:17:03.687372','F',2,5,'5F',9),(226,'2024-11-14 16:17:03.688365','2024-11-14 16:17:03.688365','B',1,2,'2B',9),(227,'2024-11-14 16:17:03.690365','2024-11-14 16:17:03.690365','E',2,1,'1E',9),(228,'2024-11-14 16:17:03.692367','2024-11-14 16:17:03.692367','C',1,4,'4C',9),(229,'2024-11-14 16:17:03.694367','2024-11-14 16:17:03.694367','F',2,4,'4F',9),(230,'2024-11-14 16:17:03.696368','2024-11-14 16:17:03.696368','E',2,6,'6E',9),(231,'2024-11-14 16:17:03.699368','2024-11-14 16:17:03.699368','C',1,2,'2C',9),(232,'2024-11-14 16:17:03.700464','2024-11-14 16:17:03.700464','C',1,5,'5C',9),(233,'2024-11-14 16:17:03.703480','2024-11-14 16:17:03.703480','F',2,1,'1F',9),(234,'2024-11-14 16:17:03.705372','2024-11-14 16:17:03.705372','E',2,3,'3E',9),(235,'2024-11-14 16:17:03.708367','2024-11-14 16:17:03.708367','A',1,1,'1A',9),(236,'2024-11-14 16:17:03.709463','2024-11-14 16:17:03.709463','B',1,1,'1B',9),(237,'2024-11-14 16:17:03.710463','2024-11-14 16:17:03.710463','B',1,6,'6B',9),(238,'2024-11-14 16:17:03.714366','2024-11-14 16:17:03.714366','F',2,2,'2F',9),(239,'2024-11-14 16:17:03.715364','2024-11-14 16:17:03.715364','A',1,2,'2A',9),(240,'2024-11-14 16:17:03.717364','2024-11-14 16:17:03.717364','E',2,4,'4E',9),(241,'2024-11-14 16:17:03.718364','2024-11-14 16:17:03.718364','A',1,6,'6A',9),(242,'2024-11-14 16:17:03.719364','2024-11-14 16:17:03.719364','E',2,5,'5E',9),(243,'2024-11-14 16:17:03.721448','2024-11-14 16:17:03.721448','D',2,5,'5D',9),(244,'2024-11-14 16:17:03.723366','2024-11-14 16:17:03.723366','A',1,5,'5A',9),(245,'2024-11-14 16:17:03.725371','2024-11-14 16:17:03.725371','E',2,2,'2E',9),(246,'2024-11-14 16:17:03.728366','2024-11-14 16:17:03.728366','B',1,3,'3B',9),(247,'2024-11-14 16:17:03.731365','2024-11-14 16:17:03.731365','A',1,4,'4A',9),(248,'2024-11-14 16:17:03.734369','2024-11-14 16:17:03.734369','C',1,1,'1C',9),(249,'2024-11-14 16:17:03.735365','2024-11-14 16:17:03.735365','D',2,1,'1D',9),(250,'2024-11-14 16:17:03.737379','2024-11-14 16:17:03.737379','D',2,2,'2D',9),(251,'2024-11-14 16:17:03.739480','2024-11-14 16:17:03.739480','D',2,3,'3D',9),(252,'2024-11-14 16:17:03.740487','2024-11-14 16:17:03.740487','D',2,6,'6D',9),(253,'2024-11-14 16:17:03.742475','2024-11-14 16:17:03.742475','A',1,3,'3A',9),(254,'2024-11-14 16:17:03.743487','2024-11-14 16:17:03.743487','B',1,5,'5B',9),(255,'2024-11-14 16:17:03.745378','2024-11-14 16:17:03.745378','D',2,4,'4D',9),(256,'2024-11-14 16:17:03.747489','2024-11-14 16:17:03.747489','C',1,3,'3C',9),(257,'2024-11-14 16:17:03.749379','2024-11-14 16:17:03.749379','B',1,4,'4B',9),(258,'2024-11-14 16:17:03.750490','2024-11-14 16:17:03.750490','F',2,3,'3F',9),(259,'2024-11-14 16:17:03.754233','2024-11-14 16:17:03.754233','C',2,3,'3C',10),(260,'2024-11-14 16:17:03.755221','2024-11-14 16:17:03.755221','A',1,1,'1A',10),(261,'2024-11-14 16:17:03.756223','2024-11-14 16:17:03.756223','C',2,2,'2C',10),(262,'2024-11-14 16:17:03.757198','2024-11-14 16:17:03.757198','A',1,4,'4A',10),(263,'2024-11-14 16:17:03.759224','2024-11-14 16:17:03.759224','A',1,3,'3A',10),(264,'2024-11-14 16:17:03.759224','2024-11-14 16:17:03.759224','B',1,3,'3B',10),(265,'2024-11-14 16:17:03.761177','2024-11-14 16:17:03.761177','C',2,4,'4C',10),(266,'2024-11-14 16:17:03.763226','2024-11-14 16:17:03.763226','A',1,2,'2A',10),(267,'2024-11-14 16:17:03.764219','2024-11-14 16:17:03.764219','D',2,2,'2D',10),(268,'2024-11-14 16:17:03.765229','2024-11-14 16:17:03.765229','D',2,5,'5D',10),(269,'2024-11-14 16:17:03.767224','2024-11-14 16:17:03.767224','A',1,5,'5A',10),(270,'2024-11-14 16:17:03.768225','2024-11-14 16:17:03.768225','D',2,4,'4D',10),(271,'2024-11-14 16:17:03.769224','2024-11-14 16:17:03.769224','B',1,4,'4B',10),(272,'2024-11-14 16:17:03.771230','2024-11-14 16:17:03.771230','B',1,1,'1B',10),(273,'2024-11-14 16:17:03.772220','2024-11-14 16:17:03.772220','C',2,6,'6C',10),(274,'2024-11-14 16:17:03.773233','2024-11-14 16:17:03.773233','A',1,6,'6A',10),(275,'2024-11-14 16:17:03.774218','2024-11-14 16:17:03.774218','C',2,1,'1C',10),(276,'2024-11-14 16:17:03.775224','2024-11-14 16:17:03.775224','D',2,3,'3D',10),(277,'2024-11-14 16:17:03.776224','2024-11-14 16:17:03.776224','B',1,5,'5B',10),(278,'2024-11-14 16:17:03.778131','2024-11-14 16:17:03.778131','D',2,1,'1D',10),(279,'2024-11-14 16:17:03.779183','2024-11-14 16:17:03.779183','B',1,2,'2B',10),(280,'2024-11-14 16:17:03.780221','2024-11-14 16:17:03.780221','C',2,5,'5C',10),(281,'2024-11-14 16:17:03.783230','2024-11-14 16:17:03.783230','B',1,3,'3B',11),(282,'2024-11-14 16:17:03.784226','2024-11-14 16:17:03.784226','F',2,1,'1F',11),(283,'2024-11-14 16:17:03.785225','2024-11-14 16:17:03.785225','C',1,1,'1C',11),(284,'2024-11-14 16:17:03.787223','2024-11-14 16:17:03.787223','E',2,6,'6E',11),(285,'2024-11-14 16:17:03.788233','2024-11-14 16:17:03.788233','C',1,2,'2C',11),(286,'2024-11-14 16:17:03.789229','2024-11-14 16:17:03.789229','A',1,5,'5A',11),(287,'2024-11-14 16:17:03.790221','2024-11-14 16:17:03.790221','F',2,4,'4F',11),(288,'2024-11-14 16:17:03.791218','2024-11-14 16:17:03.791218','E',2,5,'5E',11),(289,'2024-11-14 16:17:03.793245','2024-11-14 16:17:03.793245','C',1,4,'4C',11),(290,'2024-11-14 16:17:03.794223','2024-11-14 16:17:03.794223','E',2,2,'2E',11),(291,'2024-11-14 16:17:03.795229','2024-11-14 16:17:03.795229','F',2,3,'3F',11),(292,'2024-11-14 16:17:03.796233','2024-11-14 16:17:03.796233','E',2,1,'1E',11),(293,'2024-11-14 16:17:03.797229','2024-11-14 16:17:03.797229','B',1,4,'4B',11),(294,'2024-11-14 16:17:03.799126','2024-11-14 16:17:03.799126','A',1,2,'2A',11),(295,'2024-11-14 16:17:03.800193','2024-11-14 16:17:03.800193','D',2,5,'5D',11),(296,'2024-11-14 16:17:03.801221','2024-11-14 16:17:03.801221','F',2,5,'5F',11),(297,'2024-11-14 16:17:03.802122','2024-11-14 16:17:03.802122','B',1,2,'2B',11),(298,'2024-11-14 16:17:03.803124','2024-11-14 16:17:03.803124','A',1,6,'6A',11),(299,'2024-11-14 16:17:03.804124','2024-11-14 16:17:03.804124','A',1,1,'1A',11),(300,'2024-11-14 16:17:03.804124','2024-11-14 16:17:03.804124','C',1,3,'3C',11),(301,'2024-11-14 16:17:03.805202','2024-11-14 16:17:03.805202','A',1,3,'3A',11),(302,'2024-11-14 16:17:03.806220','2024-11-14 16:17:03.806220','B',1,1,'1B',11),(303,'2024-11-14 16:17:03.808226','2024-11-14 16:17:03.808226','C',1,5,'5C',11),(304,'2024-11-14 16:17:03.809128','2024-11-14 16:17:03.809128','D',2,6,'6D',11),(305,'2024-11-14 16:17:03.810150','2024-11-14 16:17:03.810150','F',2,2,'2F',11),(306,'2024-11-14 16:17:03.811125','2024-11-14 16:17:03.811125','B',1,5,'5B',11),(307,'2024-11-14 16:17:03.812130','2024-11-14 16:17:03.812130','B',1,6,'6B',11),(308,'2024-11-14 16:17:03.813129','2024-11-14 16:17:03.813129','E',2,4,'4E',11),(309,'2024-11-14 16:17:03.814225','2024-11-14 16:17:03.814225','D',2,4,'4D',11),(310,'2024-11-14 16:17:03.815227','2024-11-14 16:17:03.815227','A',1,4,'4A',11),(311,'2024-11-14 16:17:03.816221','2024-11-14 16:17:03.816221','E',2,3,'3E',11),(312,'2024-11-14 16:17:03.817152','2024-11-14 16:17:03.817152','D',2,3,'3D',11),(313,'2024-11-14 16:17:03.819246','2024-11-14 16:17:03.819246','D',2,2,'2D',11),(314,'2024-11-14 16:17:03.820228','2024-11-14 16:17:03.820228','D',2,1,'1D',11),(315,'2024-11-14 16:17:03.823131','2024-11-14 16:17:03.823131','C',2,6,'6C',12),(316,'2024-11-14 16:17:03.824125','2024-11-14 16:17:03.824125','A',1,4,'4A',12),(317,'2024-11-14 16:17:03.825125','2024-11-14 16:17:03.825125','A',1,5,'5A',12),(318,'2024-11-14 16:17:03.826125','2024-11-14 16:17:03.826125','C',2,4,'4C',12),(319,'2024-11-14 16:17:03.828222','2024-11-14 16:17:03.828222','C',2,5,'5C',12),(320,'2024-11-14 16:17:03.829181','2024-11-14 16:17:03.829181','C',2,1,'1C',12),(321,'2024-11-14 16:17:03.830135','2024-11-14 16:17:03.830135','B',1,4,'4B',12),(322,'2024-11-14 16:17:03.831176','2024-11-14 16:17:03.831176','B',1,1,'1B',12),(323,'2024-11-14 16:17:03.832219','2024-11-14 16:17:03.832219','A',1,2,'2A',12),(324,'2024-11-14 16:17:03.833180','2024-11-14 16:17:03.833180','A',1,3,'3A',12),(325,'2024-11-14 16:17:03.834183','2024-11-14 16:17:03.834183','A',1,6,'6A',12),(326,'2024-11-14 16:17:03.835182','2024-11-14 16:17:03.835182','B',1,5,'5B',12),(327,'2024-11-14 16:17:03.835182','2024-11-14 16:17:03.835182','C',2,2,'2C',12),(328,'2024-11-14 16:17:03.836307','2024-11-14 16:17:03.836307','B',1,3,'3B',12),(329,'2024-11-14 16:17:03.838296','2024-11-14 16:17:03.838296','C',2,3,'3C',12),(330,'2024-11-14 16:17:03.839195','2024-11-14 16:17:03.839195','D',2,4,'4D',12),(331,'2024-11-14 16:17:03.840194','2024-11-14 16:17:03.840194','D',2,3,'3D',12),(332,'2024-11-14 16:17:03.841210','2024-11-14 16:17:03.841210','B',1,2,'2B',12),(333,'2024-11-14 16:17:03.843196','2024-11-14 16:17:03.843196','D',2,2,'2D',12),(334,'2024-11-14 16:17:03.844197','2024-11-14 16:17:03.844197','A',1,1,'1A',12),(335,'2024-11-14 16:17:03.845195','2024-11-14 16:17:03.845195','D',2,5,'5D',12),(336,'2024-11-14 16:17:03.846194','2024-11-14 16:17:03.846194','D',2,1,'1D',12),(337,'2024-11-14 16:17:03.849194','2024-11-14 16:17:03.849194','C',1,2,'2C',13),(338,'2024-11-14 16:17:03.849194','2024-11-14 16:17:03.849194','B',1,2,'2B',13),(339,'2024-11-14 16:17:03.851727','2024-11-14 16:17:03.851727','D',2,6,'6D',13),(340,'2024-11-14 16:17:03.852728','2024-11-14 16:17:03.852728','D',2,5,'5D',13),(341,'2024-11-14 16:17:03.853742','2024-11-14 16:17:03.853742','B',1,3,'3B',13),(342,'2024-11-14 16:17:03.855827','2024-11-14 16:17:03.855827','F',2,3,'3F',13),(343,'2024-11-14 16:17:03.856735','2024-11-14 16:17:03.856735','A',1,1,'1A',13),(344,'2024-11-14 16:17:03.857731','2024-11-14 16:17:03.857731','C',1,3,'3C',13),(345,'2024-11-14 16:17:03.858824','2024-11-14 16:17:03.858824','A',1,3,'3A',13),(346,'2024-11-14 16:17:03.860827','2024-11-14 16:17:03.860827','E',2,6,'6E',13),(347,'2024-11-14 16:17:03.862839','2024-11-14 16:17:03.862839','A',1,4,'4A',13),(348,'2024-11-14 16:17:03.864838','2024-11-14 16:17:03.864838','D',2,4,'4D',13),(349,'2024-11-14 16:17:03.865733','2024-11-14 16:17:03.865733','A',1,6,'6A',13),(350,'2024-11-14 16:17:03.867826','2024-11-14 16:17:03.867826','D',2,1,'1D',13),(351,'2024-11-14 16:17:03.869828','2024-11-14 16:17:03.869828','B',1,1,'1B',13),(352,'2024-11-14 16:17:03.870723','2024-11-14 16:17:03.870723','E',2,3,'3E',13),(353,'2024-11-14 16:17:03.872726','2024-11-14 16:17:03.872726','F',2,4,'4F',13),(354,'2024-11-14 16:17:03.873725','2024-11-14 16:17:03.873725','B',1,5,'5B',13),(355,'2024-11-14 16:17:03.874724','2024-11-14 16:17:03.874724','E',2,5,'5E',13),(356,'2024-11-14 16:17:03.878824','2024-11-14 16:17:03.878824','D',2,2,'2D',13),(357,'2024-11-14 16:17:03.880826','2024-11-14 16:17:03.880826','B',1,6,'6B',13),(358,'2024-11-14 16:17:03.881829','2024-11-14 16:17:03.881829','A',1,5,'5A',13),(359,'2024-11-14 16:17:03.883728','2024-11-14 16:17:03.883728','F',2,1,'1F',13),(360,'2024-11-14 16:17:03.884726','2024-11-14 16:17:03.884726','A',1,2,'2A',13),(361,'2024-11-14 16:17:03.885725','2024-11-14 16:17:03.885725','E',2,1,'1E',13),(362,'2024-11-14 16:17:03.886723','2024-11-14 16:17:03.886723','F',2,5,'5F',13),(363,'2024-11-14 16:17:03.887735','2024-11-14 16:17:03.887735','C',1,5,'5C',13),(364,'2024-11-14 16:17:03.888728','2024-11-14 16:17:03.888728','E',2,2,'2E',13),(365,'2024-11-14 16:17:03.889732','2024-11-14 16:17:03.889732','B',1,4,'4B',13),(366,'2024-11-14 16:17:03.891828','2024-11-14 16:17:03.891828','E',2,4,'4E',13),(367,'2024-11-14 16:17:03.892727','2024-11-14 16:17:03.892727','F',2,2,'2F',13),(368,'2024-11-14 16:17:03.894728','2024-11-14 16:17:03.894728','C',1,1,'1C',13),(369,'2024-11-14 16:17:03.896725','2024-11-14 16:17:03.896725','C',1,4,'4C',13),(370,'2024-11-14 16:17:03.899726','2024-11-14 16:17:03.899726','D',2,3,'3D',13),(371,'2024-11-14 16:17:03.905725','2024-11-14 16:17:03.905725','D',2,1,'1D',14),(372,'2024-11-14 16:17:03.908728','2024-11-14 16:17:03.908728','C',2,5,'5C',14),(373,'2024-11-14 16:17:03.909726','2024-11-14 16:17:03.909726','A',1,4,'4A',14),(374,'2024-11-14 16:17:03.910728','2024-11-14 16:17:03.910728','A',1,2,'2A',14),(375,'2024-11-14 16:17:03.912727','2024-11-14 16:17:03.912727','A',1,1,'1A',14),(376,'2024-11-14 16:17:03.913727','2024-11-14 16:17:03.913727','D',2,5,'5D',14),(377,'2024-11-14 16:17:03.914725','2024-11-14 16:17:03.914725','C',2,6,'6C',14),(378,'2024-11-14 16:17:03.915726','2024-11-14 16:17:03.915726','C',2,4,'4C',14),(379,'2024-11-14 16:17:03.917723','2024-11-14 16:17:03.917723','D',2,4,'4D',14),(380,'2024-11-14 16:17:03.918735','2024-11-14 16:17:03.918735','B',1,2,'2B',14),(381,'2024-11-14 16:17:03.920723','2024-11-14 16:17:03.920723','B',1,5,'5B',14),(382,'2024-11-14 16:17:03.921723','2024-11-14 16:17:03.921723','C',2,2,'2C',14),(383,'2024-11-14 16:17:03.923722','2024-11-14 16:17:03.923722','A',1,6,'6A',14),(384,'2024-11-14 16:17:03.924722','2024-11-14 16:17:03.924722','D',2,2,'2D',14),(385,'2024-11-14 16:17:03.925725','2024-11-14 16:17:03.925725','B',1,1,'1B',14),(386,'2024-11-14 16:17:03.927724','2024-11-14 16:17:03.927724','C',2,3,'3C',14),(387,'2024-11-14 16:17:03.928723','2024-11-14 16:17:03.928723','B',1,4,'4B',14),(388,'2024-11-14 16:17:03.929736','2024-11-14 16:17:03.929736','A',1,3,'3A',14),(389,'2024-11-14 16:17:03.930744','2024-11-14 16:17:03.930744','A',1,5,'5A',14),(390,'2024-11-14 16:17:03.931744','2024-11-14 16:17:03.931744','B',1,3,'3B',14),(391,'2024-11-14 16:17:03.933722','2024-11-14 16:17:03.933722','D',2,3,'3D',14),(392,'2024-11-14 16:17:03.934736','2024-11-14 16:17:03.934736','C',2,1,'1C',14),(393,'2024-11-14 16:17:03.938763','2024-11-14 16:17:03.938763','C',1,4,'4C',15),(394,'2024-11-14 16:17:03.939750','2024-11-14 16:17:03.939750','A',1,6,'6A',15),(395,'2024-11-14 16:17:03.940748','2024-11-14 16:17:03.940748','D',2,2,'2D',15),(396,'2024-11-14 16:17:03.942761','2024-11-14 16:17:03.942761','A',1,4,'4A',15),(397,'2024-11-14 16:17:03.943764','2024-11-14 16:17:03.943764','F',2,5,'5F',15),(398,'2024-11-14 16:17:03.944748','2024-11-14 16:17:03.944748','E',2,3,'3E',15),(399,'2024-11-14 16:17:03.946762','2024-11-14 16:17:03.946762','C',1,3,'3C',15),(400,'2024-11-14 16:17:03.947762','2024-11-14 16:17:03.947762','F',2,1,'1F',15),(401,'2024-11-14 16:17:03.948750','2024-11-14 16:17:03.948750','A',1,2,'2A',15),(402,'2024-11-14 16:17:03.949754','2024-11-14 16:17:03.949754','D',2,3,'3D',15),(403,'2024-11-14 16:17:03.950750','2024-11-14 16:17:03.950750','E',2,5,'5E',15),(404,'2024-11-14 16:17:03.951927','2024-11-14 16:17:03.951927','B',1,5,'5B',15),(405,'2024-11-14 16:17:03.951927','2024-11-14 16:17:03.951927','D',2,6,'6D',15),(406,'2024-11-14 16:17:03.952936','2024-11-14 16:17:03.952936','D',2,1,'1D',15),(407,'2024-11-14 16:17:03.954944','2024-11-14 16:17:03.954944','A',1,3,'3A',15),(408,'2024-11-14 16:17:03.956941','2024-11-14 16:17:03.956941','E',2,4,'4E',15),(409,'2024-11-14 16:17:03.957941','2024-11-14 16:17:03.957941','C',1,2,'2C',15),(410,'2024-11-14 16:17:03.958941','2024-11-14 16:17:03.958941','F',2,2,'2F',15),(411,'2024-11-14 16:17:03.959941','2024-11-14 16:17:03.959941','E',2,1,'1E',15),(412,'2024-11-14 16:17:03.960927','2024-11-14 16:17:03.960927','A',1,5,'5A',15),(413,'2024-11-14 16:17:03.961927','2024-11-14 16:17:03.961927','E',2,6,'6E',15),(414,'2024-11-14 16:17:03.962927','2024-11-14 16:17:03.962927','C',1,5,'5C',15),(415,'2024-11-14 16:17:03.963947','2024-11-14 16:17:03.963947','D',2,4,'4D',15),(416,'2024-11-14 16:17:03.964928','2024-11-14 16:17:03.964928','A',1,1,'1A',15),(417,'2024-11-14 16:17:03.966928','2024-11-14 16:17:03.966928','B',1,1,'1B',15),(418,'2024-11-14 16:17:03.967928','2024-11-14 16:17:03.967928','B',1,2,'2B',15),(419,'2024-11-14 16:17:03.968927','2024-11-14 16:17:03.968927','C',1,1,'1C',15),(420,'2024-11-14 16:17:03.969931','2024-11-14 16:17:03.969931','B',1,3,'3B',15),(421,'2024-11-14 16:17:03.971941','2024-11-14 16:17:03.971941','B',1,6,'6B',15),(422,'2024-11-14 16:17:03.972927','2024-11-14 16:17:03.972927','F',2,3,'3F',15),(423,'2024-11-14 16:17:03.973927','2024-11-14 16:17:03.973927','B',1,4,'4B',15),(424,'2024-11-14 16:17:03.974942','2024-11-14 16:17:03.974942','D',2,5,'5D',15),(425,'2024-11-14 16:17:03.975929','2024-11-14 16:17:03.975929','E',2,2,'2E',15),(426,'2024-11-14 16:17:03.976930','2024-11-14 16:17:03.976930','F',2,4,'4F',15);
/*!40000 ALTER TABLE `seats` ENABLE KEYS */;
UNLOCK TABLES;

--
-- Table structure for table `tickets`
--

DROP TABLE IF EXISTS `tickets`;
/*!40101 SET @saved_cs_client     = @@character_set_client */;
/*!50503 SET character_set_client = utf8mb4 */;
CREATE TABLE `tickets` (
  `ticket_code` varchar(255) COLLATE utf8mb4_unicode_ci NOT NULL,
  `created_at` datetime(6) DEFAULT NULL,
  `updated_at` datetime(6) DEFAULT NULL,
  `price` double DEFAULT NULL,
  `reserved_until` datetime(6) DEFAULT NULL,
  `status` enum('AVAILABLE','BOOKED','RESERVED') COLLATE utf8mb4_unicode_ci NOT NULL,
  `booking_id` bigint(20) DEFAULT NULL,
  `customer_id` bigint(20) DEFAULT NULL,
  `schedule_id` bigint(20) DEFAULT NULL,
  `seat_id` bigint(20) DEFAULT NULL,
  PRIMARY KEY (`ticket_code`),
  KEY `FKefja4avuu7g29t78mxifrsynb` (`booking_id`),
  KEY `FKcl6she6ic7de97o1ryli2g95i` (`customer_id`),
  KEY `FK9byj2xh170rnfmlit5sddwhbc` (`schedule_id`),
  KEY `FK1f6n3pv4b80wl6gj4ra32ctxk` (`seat_id`),
  CONSTRAINT `FK1f6n3pv4b80wl6gj4ra32ctxk` FOREIGN KEY (`seat_id`) REFERENCES `seats` (`seat_id`),
  CONSTRAINT `FK9byj2xh170rnfmlit5sddwhbc` FOREIGN KEY (`schedule_id`) REFERENCES `schedules` (`schedule_id`),
  CONSTRAINT `FKcl6she6ic7de97o1ryli2g95i` FOREIGN KEY (`customer_id`) REFERENCES `users` (`user_id`),
  CONSTRAINT `FKefja4avuu7g29t78mxifrsynb` FOREIGN KEY (`booking_id`) REFERENCES `bookings` (`booking_id`)
) ENGINE=InnoDB DEFAULT CHARSET=utf8mb4 COLLATE=utf8mb4_unicode_ci;
/*!40101 SET character_set_client = @saved_cs_client */;

--
-- Dumping data for table `tickets`
--

LOCK TABLES `tickets` WRITE;
/*!40000 ALTER TABLE `tickets` DISABLE KEYS */;
INSERT INTO `tickets` VALUES ('TICKET-1-1A','2024-11-14 16:17:04.603686','2024-11-14 16:17:04.603686',500000,NULL,'AVAILABLE',NULL,NULL,1,260),('TICKET-1-1B','2024-11-14 16:17:04.577838','2024-11-14 16:17:04.577838',500000,NULL,'AVAILABLE',NULL,NULL,1,272),('TICKET-1-1C','2024-11-14 16:17:04.607433','2024-11-14 16:17:04.607433',500000,NULL,'AVAILABLE',NULL,NULL,1,275),('TICKET-1-1D','2024-11-14 16:17:04.573293','2024-11-14 16:17:04.573293',500000,NULL,'AVAILABLE',NULL,NULL,1,278),('TICKET-1-2A','2024-11-14 16:17:04.628802','2024-11-14 16:17:04.628802',500000,NULL,'AVAILABLE',NULL,NULL,1,266),('TICKET-1-2B','2024-11-14 16:17:04.620217','2024-11-14 16:17:04.620217',500000,NULL,'AVAILABLE',NULL,NULL,1,279),('TICKET-1-2C','2024-11-14 16:17:04.535449','2024-11-14 16:17:04.535449',500000,NULL,'AVAILABLE',NULL,NULL,1,261),('TICKET-1-2D','2024-11-14 16:17:04.560932','2024-11-14 16:17:04.560932',500000,NULL,'AVAILABLE',NULL,NULL,1,267),('TICKET-1-3A','2024-11-14 16:17:04.565455','2024-11-14 16:17:04.565455',500000,NULL,'AVAILABLE',NULL,NULL,1,263),('TICKET-1-3B','2024-11-14 16:17:04.616354','2024-11-14 16:17:04.616354',500000,NULL,'AVAILABLE',NULL,NULL,1,264),('TICKET-1-3C','2024-11-14 16:17:04.552633','2024-11-14 16:17:04.552633',500000,NULL,'AVAILABLE',NULL,NULL,1,259),('TICKET-1-3D','2024-11-14 16:17:04.569717','2024-11-14 16:17:04.569717',500000,NULL,'AVAILABLE',NULL,NULL,1,276),('TICKET-1-4A','2024-11-14 16:17:04.624756','2024-11-14 16:17:04.624756',500000,NULL,'AVAILABLE',NULL,NULL,1,262),('TICKET-1-4B','2024-11-14 16:17:04.590938','2024-11-14 16:17:04.590938',500000,NULL,'AVAILABLE',NULL,NULL,1,271),('TICKET-1-4C','2024-11-14 16:17:04.586280','2024-11-14 16:17:04.586280',500000,NULL,'AVAILABLE',NULL,NULL,1,265),('TICKET-1-4D','2024-11-14 16:17:04.595354','2024-11-14 16:17:04.595354',500000,NULL,'AVAILABLE',NULL,NULL,1,270),('TICKET-1-5A','2024-11-14 16:17:04.633803','2024-11-14 16:17:04.633803',500000,NULL,'AVAILABLE',NULL,NULL,1,269),('TICKET-1-5B','2024-11-14 16:17:04.557083','2024-11-14 16:17:04.557083',500000,NULL,'AVAILABLE',NULL,NULL,1,277),('TICKET-1-5C','2024-11-14 16:17:04.547081','2024-11-14 16:17:04.547081',500000,NULL,'AVAILABLE',NULL,NULL,1,280),('TICKET-1-5D','2024-11-14 16:17:04.610965','2024-11-14 16:17:04.610965',500000,NULL,'AVAILABLE',NULL,NULL,1,268),('TICKET-1-6A','2024-11-14 16:17:04.599789','2024-11-14 16:17:04.599789',500000,NULL,'AVAILABLE',NULL,NULL,1,274),('TICKET-1-6C','2024-11-14 16:17:04.581794','2024-11-14 16:17:04.581794',500000,NULL,'AVAILABLE',NULL,NULL,1,273),('TICKET-10-1A','2024-11-24 11:08:09.385694','2024-12-01 12:28:25.968132',400000,NULL,'BOOKED',18,3,10,260),('TICKET-10-1B','2024-11-24 11:08:09.310493','2024-11-30 10:08:32.510544',400000,NULL,'BOOKED',16,5,10,272),('TICKET-10-1C','2024-11-24 11:08:09.288773','2024-11-24 11:08:09.288773',400000,NULL,'AVAILABLE',NULL,NULL,10,275),('TICKET-10-1D','2024-11-24 11:08:09.320398','2024-11-24 11:08:09.320398',400000,NULL,'AVAILABLE',NULL,NULL,10,278),('TICKET-10-2A','2024-11-24 11:08:09.313493','2024-11-24 11:08:09.313493',400000,NULL,'AVAILABLE',NULL,NULL,10,266),('TICKET-10-2B','2024-11-24 11:08:09.328438','2024-11-24 11:08:09.328438',400000,NULL,'AVAILABLE',NULL,NULL,10,279),('TICKET-10-2C','2024-11-24 11:08:09.342952','2024-11-24 11:08:09.343952',400000,NULL,'AVAILABLE',NULL,NULL,10,261),('TICKET-10-2D','2024-11-24 11:08:09.361371','2024-11-24 11:08:09.361371',400000,NULL,'AVAILABLE',NULL,NULL,10,267),('TICKET-10-3A','2024-11-24 11:08:09.316495','2024-11-24 11:08:09.316495',400000,NULL,'AVAILABLE',NULL,NULL,10,263),('TICKET-10-3B','2024-11-24 11:08:09.371405','2024-11-24 11:08:09.372434',400000,NULL,'AVAILABLE',NULL,NULL,10,264),('TICKET-10-3C','2024-11-24 11:08:09.336439','2024-11-24 11:08:09.336439',400000,NULL,'AVAILABLE',NULL,NULL,10,259),('TICKET-10-3D','2024-11-24 11:08:09.355352','2024-11-24 11:08:09.355352',400000,NULL,'AVAILABLE',NULL,NULL,10,276),('TICKET-10-4A','2024-11-24 11:08:09.367799','2024-11-24 11:08:09.367799',400000,NULL,'AVAILABLE',NULL,NULL,10,262),('TICKET-10-4B','2024-11-24 11:08:09.349953','2024-11-24 11:08:09.349953',400000,NULL,'AVAILABLE',NULL,NULL,10,271),('TICKET-10-4C','2024-11-24 11:08:09.375416','2024-11-24 11:08:09.375416',400000,NULL,'AVAILABLE',NULL,NULL,10,265),('TICKET-10-4D','2024-11-24 11:08:09.325438','2024-11-24 11:08:09.325438',400000,NULL,'AVAILABLE',NULL,NULL,10,270),('TICKET-10-5A','2024-11-24 11:08:09.379422','2024-11-24 11:08:09.379422',400000,NULL,'AVAILABLE',NULL,NULL,10,269),('TICKET-10-5B','2024-11-24 11:08:09.339951','2024-11-24 11:08:09.339951',400000,NULL,'AVAILABLE',NULL,NULL,10,277),('TICKET-10-5C','2024-11-24 11:08:09.307496','2024-11-24 11:08:09.307496',400000,NULL,'AVAILABLE',NULL,NULL,10,280),('TICKET-10-5D','2024-11-24 11:08:09.331438','2024-11-24 11:08:09.331438',400000,NULL,'AVAILABLE',NULL,NULL,10,268),('TICKET-10-6A','2024-11-24 11:08:09.322433','2024-11-24 11:08:09.322433',400000,NULL,'AVAILABLE',NULL,NULL,10,274),('TICKET-10-6C','2024-11-24 11:08:09.390074','2024-11-24 11:08:09.390074',400000,NULL,'AVAILABLE',NULL,NULL,10,273),('TICKET-11-1A','2024-11-24 11:08:09.537042','2024-11-24 11:08:09.537042',450000,NULL,'AVAILABLE',NULL,NULL,11,299),('TICKET-11-1B','2024-11-24 11:08:09.467037','2024-11-24 11:08:09.467037',450000,NULL,'AVAILABLE',NULL,NULL,11,302),('TICKET-11-1C','2024-11-24 11:08:09.522020','2024-11-24 11:08:09.522020',450000,NULL,'AVAILABLE',NULL,NULL,11,283),('TICKET-11-1D','2024-11-24 11:08:09.544265','2024-11-24 11:08:09.544265',450000,NULL,'AVAILABLE',NULL,NULL,11,314),('TICKET-11-1E','2024-11-24 11:08:09.510649','2024-11-24 11:08:09.510649',450000,NULL,'AVAILABLE',NULL,NULL,11,292),('TICKET-11-1F','2024-11-24 11:08:09.528027','2024-11-24 11:08:09.528027',450000,NULL,'AVAILABLE',NULL,NULL,11,282),('TICKET-11-2A','2024-11-24 11:08:09.475313','2024-11-24 11:08:09.475313',450000,NULL,'AVAILABLE',NULL,NULL,11,294),('TICKET-11-2B','2024-11-24 11:08:09.495165','2024-11-24 11:08:09.495165',450000,NULL,'AVAILABLE',NULL,NULL,11,297),('TICKET-11-2C','2024-11-24 11:08:09.498162','2024-11-24 11:08:09.498162',450000,NULL,'AVAILABLE',NULL,NULL,11,285),('TICKET-11-2D','2024-11-24 11:08:09.520005','2024-11-24 11:08:09.520005',450000,NULL,'AVAILABLE',NULL,NULL,11,313),('TICKET-11-2E','2024-11-24 11:08:09.531026','2024-11-24 11:08:09.531026',450000,NULL,'AVAILABLE',NULL,NULL,11,290),('TICKET-11-2F','2024-11-24 11:08:09.548265','2024-11-24 11:08:09.548265',450000,NULL,'AVAILABLE',NULL,NULL,11,305),('TICKET-11-3A','2024-11-24 11:08:09.461996','2024-11-24 11:08:09.461996',450000,NULL,'AVAILABLE',NULL,NULL,11,301),('TICKET-11-3B','2024-11-24 11:08:09.481312','2024-12-01 12:17:11.330860',450000,NULL,'BOOKED',17,3,11,281),('TICKET-11-3C','2024-11-24 11:08:09.491178','2024-11-24 11:08:09.491178',450000,NULL,'AVAILABLE',NULL,NULL,11,300),('TICKET-11-3D','2024-11-24 11:08:09.485760','2024-11-24 11:08:09.485760',450000,NULL,'AVAILABLE',NULL,NULL,11,312),('TICKET-11-3E','2024-11-24 11:08:09.503178','2024-11-24 11:08:09.503178',450000,NULL,'AVAILABLE',NULL,NULL,11,311),('TICKET-11-3F','2024-11-24 11:08:09.534027','2024-11-24 11:08:09.534027',450000,NULL,'AVAILABLE',NULL,NULL,11,291),('TICKET-11-4A','2024-11-24 11:08:09.473314','2024-11-24 11:08:09.473314',450000,NULL,'AVAILABLE',NULL,NULL,11,310),('TICKET-11-4B','2024-11-24 11:08:09.470297','2024-11-24 11:08:09.470297',450000,NULL,'AVAILABLE',NULL,NULL,11,293),('TICKET-11-4C','2024-11-24 11:08:09.512656','2024-11-24 11:08:09.512656',450000,NULL,'AVAILABLE',NULL,NULL,11,289),('TICKET-11-4D','2024-11-24 11:08:09.525026','2024-11-24 11:08:09.525026',450000,NULL,'AVAILABLE',NULL,NULL,11,309),('TICKET-11-4E','2024-11-24 11:08:09.539265','2024-11-24 11:08:09.539265',450000,NULL,'AVAILABLE',NULL,NULL,11,308),('TICKET-11-4F','2024-11-24 11:08:09.488144','2024-11-24 11:08:09.488144',450000,NULL,'AVAILABLE',NULL,NULL,11,287),('TICKET-11-5A','2024-11-24 11:08:09.514656','2024-11-24 11:08:09.514656',450000,NULL,'AVAILABLE',NULL,NULL,11,286),('TICKET-11-5B','2024-11-24 11:08:09.459000','2024-11-24 11:08:09.459000',450000,NULL,'AVAILABLE',NULL,NULL,11,306),('TICKET-11-5C','2024-11-24 11:08:09.493160','2024-11-24 11:08:09.493160',450000,NULL,'AVAILABLE',NULL,NULL,11,303),('TICKET-11-5D','2024-11-24 11:08:09.478314','2024-11-24 11:08:09.478314',450000,NULL,'AVAILABLE',NULL,NULL,11,295),('TICKET-11-5E','2024-11-24 11:08:09.464017','2024-11-24 11:08:09.464017',450000,NULL,'AVAILABLE',NULL,NULL,11,288),('TICKET-11-5F','2024-11-24 11:08:09.508424','2024-11-24 11:08:09.508424',450000,NULL,'AVAILABLE',NULL,NULL,11,296),('TICKET-11-6A','2024-11-24 11:08:09.505738','2024-11-24 11:08:09.505738',450000,NULL,'AVAILABLE',NULL,NULL,11,298),('TICKET-11-6B','2024-11-24 11:08:09.517673','2024-11-24 11:08:09.517673',450000,NULL,'AVAILABLE',NULL,NULL,11,307),('TICKET-11-6D','2024-11-24 11:08:09.483312','2024-11-24 11:08:09.483312',450000,NULL,'AVAILABLE',NULL,NULL,11,304),('TICKET-11-6E','2024-11-24 11:08:09.541286','2024-11-24 11:08:09.541286',450000,NULL,'AVAILABLE',NULL,NULL,11,284),('TICKET-12-1A','2024-11-24 11:08:09.629059','2024-11-24 11:08:09.629059',500000,NULL,'AVAILABLE',NULL,NULL,12,334),('TICKET-12-1B','2024-11-24 11:08:09.617714','2024-11-24 11:08:09.617714',500000,NULL,'AVAILABLE',NULL,NULL,12,322),('TICKET-12-1C','2024-11-24 11:08:09.595870','2024-11-24 11:08:09.595870',500000,NULL,'AVAILABLE',NULL,NULL,12,320),('TICKET-12-1D','2024-11-24 11:08:09.579286','2024-11-24 11:08:09.579286',500000,NULL,'AVAILABLE',NULL,NULL,12,336),('TICKET-12-2A','2024-11-24 11:08:09.620715','2024-11-24 11:08:09.620715',500000,NULL,'AVAILABLE',NULL,NULL,12,323),('TICKET-12-2B','2024-11-24 11:08:09.585834','2024-11-24 11:08:09.585834',500000,NULL,'AVAILABLE',NULL,NULL,12,332),('TICKET-12-2C','2024-11-24 11:08:09.604869','2024-11-24 11:08:09.604869',500000,NULL,'AVAILABLE',NULL,NULL,12,327),('TICKET-12-2D','2024-11-24 11:08:09.612714','2024-11-24 11:08:09.612714',500000,NULL,'AVAILABLE',NULL,NULL,12,333),('TICKET-12-3A','2024-11-24 11:08:09.623024','2024-11-24 11:08:09.623024',500000,NULL,'AVAILABLE',NULL,NULL,12,324),('TICKET-12-3B','2024-11-24 11:08:09.614713','2024-11-24 11:08:09.614713',500000,NULL,'AVAILABLE',NULL,NULL,12,328),('TICKET-12-3C','2024-11-24 11:08:09.610714','2024-11-24 11:08:09.610714',500000,NULL,'AVAILABLE',NULL,NULL,12,329),('TICKET-12-3D','2024-11-24 11:08:09.606891','2024-11-24 11:08:09.606891',500000,NULL,'AVAILABLE',NULL,NULL,12,331),('TICKET-12-4A','2024-11-24 11:08:09.608698','2024-11-24 11:08:09.608698',500000,NULL,'AVAILABLE',NULL,NULL,12,316),('TICKET-12-4B','2024-11-24 11:08:09.581818','2024-11-24 11:08:09.581818',500000,NULL,'AVAILABLE',NULL,NULL,12,321),('TICKET-12-4C','2024-11-24 11:08:09.600871','2024-11-24 11:08:09.600871',500000,NULL,'AVAILABLE',NULL,NULL,12,318),('TICKET-12-4D','2024-11-24 11:08:09.627035','2024-11-24 11:08:09.627035',500000,NULL,'AVAILABLE',NULL,NULL,12,330),('TICKET-12-5A','2024-11-24 11:08:09.593869','2024-11-24 11:08:09.593869',500000,NULL,'AVAILABLE',NULL,NULL,12,317),('TICKET-12-5B','2024-11-24 11:08:09.597897','2024-11-24 11:08:09.597897',500000,NULL,'AVAILABLE',NULL,NULL,12,326),('TICKET-12-5C','2024-11-24 11:08:09.587835','2024-11-24 11:08:09.587835',500000,NULL,'AVAILABLE',NULL,NULL,12,319),('TICKET-12-5D','2024-11-24 11:08:09.590855','2024-11-24 11:08:09.590855',500000,NULL,'AVAILABLE',NULL,NULL,12,335),('TICKET-12-6A','2024-11-24 11:08:09.625050','2024-11-24 11:08:09.625050',500000,NULL,'AVAILABLE',NULL,NULL,12,325),('TICKET-12-6C','2024-11-24 11:08:09.602888','2024-11-24 11:08:09.602888',500000,NULL,'AVAILABLE',NULL,NULL,12,315),('TICKET-13-1A','2024-12-02 15:48:08.699669','2024-12-02 15:48:08.699669',400000,NULL,'AVAILABLE',NULL,NULL,13,21),('TICKET-13-1B','2024-12-02 15:48:08.642347','2024-12-02 15:48:08.642347',400000,NULL,'AVAILABLE',NULL,NULL,13,2),('TICKET-13-1C','2024-12-02 15:48:08.657941','2024-12-02 15:48:08.657941',400000,NULL,'AVAILABLE',NULL,NULL,13,29),('TICKET-13-1D','2024-12-02 15:48:08.691585','2024-12-02 15:48:08.691585',400000,NULL,'AVAILABLE',NULL,NULL,13,15),('TICKET-13-1E','2024-12-02 15:48:08.618717','2024-12-02 15:48:08.618717',400000,NULL,'AVAILABLE',NULL,NULL,13,24),('TICKET-13-1F','2024-12-02 15:48:08.639835','2024-12-02 15:48:08.639835',400000,NULL,'AVAILABLE',NULL,NULL,13,8),('TICKET-13-2A','2024-12-02 15:48:08.661923','2024-12-02 15:48:08.661923',400000,NULL,'AVAILABLE',NULL,NULL,13,4),('TICKET-13-2B','2024-12-02 15:48:08.707674','2024-12-02 15:48:08.707674',400000,NULL,'AVAILABLE',NULL,NULL,13,5),('TICKET-13-2C','2024-12-02 15:48:08.671579','2024-12-02 15:48:08.671579',400000,NULL,'AVAILABLE',NULL,NULL,13,20),('TICKET-13-2D','2024-12-02 15:48:08.688577','2024-12-02 15:48:08.688577',400000,NULL,'AVAILABLE',NULL,NULL,13,26),('TICKET-13-2E','2024-12-02 15:48:08.645347','2024-12-02 15:48:08.645347',400000,NULL,'AVAILABLE',NULL,NULL,13,17),('TICKET-13-2F','2024-12-02 15:48:08.674577','2024-12-02 15:48:08.674577',400000,NULL,'AVAILABLE',NULL,NULL,13,23),('TICKET-13-3A','2024-12-02 15:48:08.622718','2024-12-02 15:48:08.622718',400000,NULL,'AVAILABLE',NULL,NULL,13,25),('TICKET-13-3B','2024-12-02 15:48:08.626724','2024-12-02 15:48:08.626724',400000,NULL,'AVAILABLE',NULL,NULL,13,14),('TICKET-13-3C','2024-12-02 15:48:08.668578','2024-12-02 15:48:08.668578',400000,NULL,'AVAILABLE',NULL,NULL,13,6),('TICKET-13-3D','2024-12-02 15:48:08.650908','2024-12-02 15:48:08.650908',400000,NULL,'AVAILABLE',NULL,NULL,13,31),('TICKET-13-3E','2024-12-02 15:48:08.702669','2024-12-02 15:48:08.702669',400000,NULL,'AVAILABLE',NULL,NULL,13,16),('TICKET-13-3F','2024-12-02 15:48:08.712672','2024-12-02 15:48:08.712672',400000,NULL,'AVAILABLE',NULL,NULL,13,19),('TICKET-13-4A','2024-12-02 15:48:08.683578','2024-12-02 15:48:08.683578',400000,NULL,'AVAILABLE',NULL,NULL,13,13),('TICKET-13-4B','2024-12-02 15:48:08.629976','2024-12-02 15:48:08.629976',400000,NULL,'AVAILABLE',NULL,NULL,13,33),('TICKET-13-4C','2024-12-02 15:48:08.610721','2024-12-02 15:48:08.610721',400000,NULL,'AVAILABLE',NULL,NULL,13,28),('TICKET-13-4D','2024-12-02 15:48:08.679578','2024-12-02 15:48:08.679578',400000,NULL,'AVAILABLE',NULL,NULL,13,18),('TICKET-13-4E','2024-12-02 15:48:08.648371','2024-12-02 15:48:08.648371',400000,NULL,'AVAILABLE',NULL,NULL,13,9),('TICKET-13-4F','2024-12-02 15:48:08.632835','2024-12-02 15:48:08.632835',400000,NULL,'AVAILABLE',NULL,NULL,13,11),('TICKET-13-5A','2024-12-02 15:48:08.591723','2024-12-02 15:48:08.591723',400000,NULL,'AVAILABLE',NULL,NULL,13,30),('TICKET-13-5B','2024-12-02 15:48:08.614721','2024-12-02 15:48:08.614721',400000,NULL,'AVAILABLE',NULL,NULL,13,3),('TICKET-13-5C','2024-12-02 15:48:08.653924','2024-12-02 15:48:08.653924',400000,NULL,'AVAILABLE',NULL,NULL,13,22),('TICKET-13-5D','2024-12-02 15:48:08.725148','2024-12-02 15:48:08.725148',400000,NULL,'AVAILABLE',NULL,NULL,13,7),('TICKET-13-5E','2024-12-02 15:48:08.696671','2024-12-02 15:48:08.696671',400000,NULL,'AVAILABLE',NULL,NULL,13,34),('TICKET-13-5F','2024-12-02 15:48:08.665318','2024-12-02 15:48:08.665318',400000,NULL,'AVAILABLE',NULL,NULL,13,1),('TICKET-13-6A','2024-12-02 15:48:08.722178','2024-12-02 15:48:08.722178',400000,NULL,'AVAILABLE',NULL,NULL,13,10),('TICKET-13-6B','2024-12-02 15:48:08.715003','2024-12-02 15:48:08.715003',400000,NULL,'AVAILABLE',NULL,NULL,13,27),('TICKET-13-6D','2024-12-02 15:48:08.635834','2024-12-02 15:48:08.635834',400000,NULL,'AVAILABLE',NULL,NULL,13,32),('TICKET-13-6E','2024-12-02 15:48:08.718131','2024-12-02 15:48:08.718131',400000,NULL,'AVAILABLE',NULL,NULL,13,12),('TICKET-14-1A','2024-12-02 15:48:08.792896','2024-12-02 15:48:42.081610',350000,NULL,'BOOKED',19,2,14,260),('TICKET-14-1B','2024-12-02 15:48:08.823102','2024-12-02 15:48:08.823102',350000,NULL,'AVAILABLE',NULL,NULL,14,272),('TICKET-14-1C','2024-12-02 15:48:08.782439','2024-12-02 15:48:08.782439',350000,NULL,'AVAILABLE',NULL,NULL,14,275),('TICKET-14-1D','2024-12-02 15:48:08.785433','2024-12-02 15:48:08.785433',350000,NULL,'AVAILABLE',NULL,NULL,14,278),('TICKET-14-2A','2024-12-02 15:48:08.812101','2024-12-02 15:48:08.812101',350000,NULL,'AVAILABLE',NULL,NULL,14,266),('TICKET-14-2B','2024-12-02 15:48:08.818101','2024-12-02 15:48:08.818101',350000,NULL,'AVAILABLE',NULL,NULL,14,279),('TICKET-14-2C','2024-12-02 15:48:08.800102','2024-12-02 15:48:08.800102',350000,NULL,'AVAILABLE',NULL,NULL,14,261),('TICKET-14-2D','2024-12-02 15:48:08.797125','2024-12-02 15:48:08.797125',350000,NULL,'AVAILABLE',NULL,NULL,14,267),('TICKET-14-3A','2024-12-02 15:48:08.828109','2024-12-02 15:48:08.828109',350000,NULL,'AVAILABLE',NULL,NULL,14,263),('TICKET-14-3B','2024-12-02 15:48:08.802103','2024-12-02 15:48:08.802103',350000,NULL,'AVAILABLE',NULL,NULL,14,264),('TICKET-14-3C','2024-12-02 15:48:08.820102','2024-12-02 15:48:08.820102',350000,NULL,'AVAILABLE',NULL,NULL,14,259),('TICKET-14-3D','2024-12-02 15:48:08.806103','2024-12-02 15:48:08.806103',350000,NULL,'AVAILABLE',NULL,NULL,14,276),('TICKET-14-4A','2024-12-02 15:48:08.790467','2024-12-02 15:48:08.790467',350000,NULL,'AVAILABLE',NULL,NULL,14,262),('TICKET-14-4B','2024-12-02 15:48:08.775452','2024-12-02 15:48:08.775452',350000,NULL,'AVAILABLE',NULL,NULL,14,271),('TICKET-14-4C','2024-12-02 15:48:08.815101','2024-12-02 15:48:08.815101',350000,NULL,'AVAILABLE',NULL,NULL,14,265),('TICKET-14-4D','2024-12-02 15:48:08.795085','2024-12-02 15:48:08.795085',350000,NULL,'AVAILABLE',NULL,NULL,14,270),('TICKET-14-5A','2024-12-02 15:48:08.788433','2024-12-02 15:48:08.788433',350000,NULL,'AVAILABLE',NULL,NULL,14,269),('TICKET-14-5B','2024-12-02 15:48:08.809102','2024-12-02 15:48:08.809102',350000,NULL,'AVAILABLE',NULL,NULL,14,277),('TICKET-14-5C','2024-12-02 15:48:08.825111','2024-12-02 15:48:08.825111',350000,NULL,'AVAILABLE',NULL,NULL,14,280),('TICKET-14-5D','2024-12-02 15:48:08.771419','2024-12-02 15:48:08.771419',350000,NULL,'AVAILABLE',NULL,NULL,14,268),('TICKET-14-6A','2024-12-02 15:48:08.769379','2024-12-02 15:48:08.769379',350000,NULL,'AVAILABLE',NULL,NULL,14,274),('TICKET-14-6C','2024-12-02 15:48:08.778434','2024-12-02 15:48:08.778434',350000,NULL,'AVAILABLE',NULL,NULL,14,273),('TICKET-2-1A','2024-11-14 16:17:04.839055','2024-11-14 16:17:04.839055',400000,NULL,'AVAILABLE',NULL,NULL,2,299),('TICKET-2-1B','2024-11-14 16:17:04.776495','2024-11-14 16:17:04.776495',400000,NULL,'AVAILABLE',NULL,NULL,2,302),('TICKET-2-1C','2024-11-14 16:17:04.712766','2024-11-14 16:17:04.712766',400000,NULL,'AVAILABLE',NULL,NULL,2,283),('TICKET-2-1D','2024-11-14 16:17:04.821510','2024-11-14 16:17:04.821510',400000,NULL,'AVAILABLE',NULL,NULL,2,314),('TICKET-2-1E','2024-11-14 16:17:04.736767','2024-11-14 16:17:04.736767',400000,NULL,'AVAILABLE',NULL,NULL,2,292),('TICKET-2-1F','2024-11-14 16:17:04.800499','2024-11-14 16:17:04.800499',400000,NULL,'AVAILABLE',NULL,NULL,2,282),('TICKET-2-2A','2024-11-14 16:17:04.732763','2024-11-14 16:17:04.732763',400000,NULL,'AVAILABLE',NULL,NULL,2,294),('TICKET-2-2B','2024-11-14 16:17:04.830053','2024-11-14 16:17:04.830053',400000,NULL,'AVAILABLE',NULL,NULL,2,297),('TICKET-2-2C','2024-11-14 16:17:04.744782','2024-11-14 16:17:04.744782',400000,NULL,'AVAILABLE',NULL,NULL,2,285),('TICKET-2-2D','2024-11-14 16:17:04.835043','2024-11-14 16:17:04.835043',400000,NULL,'AVAILABLE',NULL,NULL,2,313),('TICKET-2-2E','2024-11-14 16:17:04.804493','2024-11-14 16:17:04.804493',400000,NULL,'AVAILABLE',NULL,NULL,2,290),('TICKET-2-2F','2024-11-14 16:17:04.758308','2024-11-14 16:17:04.758308',400000,NULL,'AVAILABLE',NULL,NULL,2,305),('TICKET-2-3A','2024-11-14 16:17:04.753305','2024-11-14 16:17:04.753305',400000,NULL,'AVAILABLE',NULL,NULL,2,301),('TICKET-2-3B','2024-11-14 16:17:04.790494','2024-11-14 16:17:04.790494',400000,NULL,'AVAILABLE',NULL,NULL,2,281),('TICKET-2-3C','2024-11-14 16:17:04.795494','2024-11-14 16:17:04.795494',400000,NULL,'AVAILABLE',NULL,NULL,2,300),('TICKET-2-3D','2024-11-14 16:17:04.772495','2024-11-14 16:17:04.772495',400000,NULL,'AVAILABLE',NULL,NULL,2,312),('TICKET-2-3E','2024-11-14 16:17:04.740780','2024-11-14 16:17:04.740780',400000,NULL,'AVAILABLE',NULL,NULL,2,311),('TICKET-2-3F','2024-11-14 16:17:04.728767','2024-11-14 16:17:04.728767',400000,NULL,'AVAILABLE',NULL,NULL,2,291),('TICKET-2-4A','2024-11-14 16:17:04.826042','2024-11-14 16:17:04.826042',400000,NULL,'AVAILABLE',NULL,NULL,2,310),('TICKET-2-4B','2024-11-14 16:17:04.724775','2024-11-14 16:17:04.724775',400000,NULL,'AVAILABLE',NULL,NULL,2,293),('TICKET-2-4C','2024-11-14 16:17:04.843053','2024-11-14 16:17:04.843053',400000,NULL,'AVAILABLE',NULL,NULL,2,289),('TICKET-2-4D','2024-11-14 16:17:04.851054','2024-11-14 16:17:04.851054',400000,NULL,'AVAILABLE',NULL,NULL,2,309),('TICKET-2-4E','2024-11-14 16:17:04.781493','2024-11-14 16:17:04.781493',400000,NULL,'AVAILABLE',NULL,NULL,2,308),('TICKET-2-4F','2024-11-14 16:17:04.707765','2024-11-14 16:17:04.707765',400000,NULL,'AVAILABLE',NULL,NULL,2,287),('TICKET-2-5A','2024-11-14 16:17:04.808493','2024-11-14 16:17:04.808493',400000,NULL,'AVAILABLE',NULL,NULL,2,286),('TICKET-2-5B','2024-11-14 16:17:04.816493','2024-11-14 16:17:04.816493',400000,NULL,'AVAILABLE',NULL,NULL,2,306),('TICKET-2-5C','2024-11-14 16:17:04.767498','2024-11-14 16:17:04.767498',400000,NULL,'AVAILABLE',NULL,NULL,2,303),('TICKET-2-5D','2024-11-14 16:17:04.848057','2024-11-14 16:17:04.848057',400000,NULL,'AVAILABLE',NULL,NULL,2,295),('TICKET-2-5E','2024-11-14 16:17:04.716765','2024-11-14 16:17:04.716765',400000,NULL,'AVAILABLE',NULL,NULL,2,288),('TICKET-2-5F','2024-11-14 16:17:04.812493','2024-11-14 16:17:04.812493',400000,NULL,'AVAILABLE',NULL,NULL,2,296),('TICKET-2-6A','2024-11-14 16:17:04.748782','2024-11-14 16:17:04.748782',400000,NULL,'AVAILABLE',NULL,NULL,2,298),('TICKET-2-6B','2024-11-14 16:17:04.720764','2024-11-14 16:17:04.720764',400000,NULL,'AVAILABLE',NULL,NULL,2,307),('TICKET-2-6D','2024-11-14 16:17:04.786496','2024-11-14 16:17:04.786496',400000,NULL,'AVAILABLE',NULL,NULL,2,304),('TICKET-2-6E','2024-11-14 16:17:04.763495','2024-11-14 16:17:04.763495',400000,NULL,'AVAILABLE',NULL,NULL,2,284),('TICKET-3-1A','2024-11-14 16:17:04.960147','2024-11-20 18:18:10.274867',300000,NULL,'BOOKED',12,3,3,334),('TICKET-3-1B','2024-11-14 16:17:04.933587','2024-11-14 16:17:04.933587',300000,NULL,'AVAILABLE',NULL,NULL,3,322),('TICKET-3-1C','2024-11-14 16:17:04.884591','2024-11-14 16:17:04.884591',300000,NULL,'AVAILABLE',NULL,NULL,3,320),('TICKET-3-1D','2024-11-14 16:17:04.979146','2024-11-14 16:17:04.979146',300000,NULL,'AVAILABLE',NULL,NULL,3,336),('TICKET-3-2A','2024-11-14 16:17:04.901583','2024-11-14 16:17:04.901583',300000,NULL,'AVAILABLE',NULL,NULL,3,323),('TICKET-3-2B','2024-11-14 16:17:04.892580','2024-11-14 16:17:04.892580',300000,NULL,'AVAILABLE',NULL,NULL,3,332),('TICKET-3-2C','2024-11-14 16:17:04.943597','2024-11-14 16:17:04.943597',300000,NULL,'AVAILABLE',NULL,NULL,3,327),('TICKET-3-2D','2024-11-14 16:17:04.918582','2024-11-14 16:17:04.918582',300000,NULL,'AVAILABLE',NULL,NULL,3,333),('TICKET-3-3A','2024-11-14 16:17:04.939598','2024-11-14 16:17:04.939598',300000,NULL,'AVAILABLE',NULL,NULL,3,324),('TICKET-3-3B','2024-11-14 16:17:04.956144','2024-11-14 16:17:04.956144',300000,NULL,'AVAILABLE',NULL,NULL,3,328),('TICKET-3-3C','2024-11-14 16:17:04.970160','2024-11-14 16:17:04.970160',300000,NULL,'AVAILABLE',NULL,NULL,3,329),('TICKET-3-3D','2024-11-14 16:17:04.914584','2024-11-14 16:17:04.914584',300000,NULL,'AVAILABLE',NULL,NULL,3,331),('TICKET-3-4A','2024-11-14 16:17:04.923585','2024-11-14 16:17:04.923585',300000,NULL,'AVAILABLE',NULL,NULL,3,316),('TICKET-3-4B','2024-11-14 16:17:04.897589','2024-11-14 16:17:04.897589',300000,NULL,'AVAILABLE',NULL,NULL,3,321),('TICKET-3-4C','2024-11-14 16:17:04.909583','2024-11-14 16:17:04.909583',300000,NULL,'AVAILABLE',NULL,NULL,3,318),('TICKET-3-4D','2024-11-14 16:17:04.974148','2024-11-14 16:17:04.974148',300000,NULL,'AVAILABLE',NULL,NULL,3,330),('TICKET-3-5A','2024-11-14 16:17:04.905585','2024-11-14 16:17:04.905585',300000,NULL,'AVAILABLE',NULL,NULL,3,317),('TICKET-3-5B','2024-11-14 16:17:04.888595','2024-11-14 16:17:04.888595',300000,NULL,'AVAILABLE',NULL,NULL,3,326),('TICKET-3-5C','2024-11-14 16:17:04.952595','2024-11-14 16:17:04.952595',300000,NULL,'AVAILABLE',NULL,NULL,3,319),('TICKET-3-5D','2024-11-14 16:17:04.928588','2024-11-14 16:17:04.928588',300000,NULL,'AVAILABLE',NULL,NULL,3,335),('TICKET-3-6A','2024-11-14 16:17:04.964145','2024-11-14 16:17:04.964145',300000,NULL,'AVAILABLE',NULL,NULL,3,325),('TICKET-3-6C','2024-11-14 16:17:04.947594','2024-11-14 16:17:04.947594',300000,NULL,'AVAILABLE',NULL,NULL,3,315),('TICKET-4-1A','2024-11-14 16:17:05.044164','2024-11-17 09:57:50.836451',450000,NULL,'BOOKED',11,3,4,260),('TICKET-4-1B','2024-11-14 16:17:05.015149','2024-11-14 16:17:05.015149',450000,NULL,'AVAILABLE',NULL,NULL,4,272),('TICKET-4-1C','2024-11-14 16:17:05.039166','2024-11-14 16:17:05.039166',450000,NULL,'AVAILABLE',NULL,NULL,4,275),('TICKET-4-1D','2024-11-14 16:17:05.060703','2024-11-14 16:17:05.060703',450000,NULL,'AVAILABLE',NULL,NULL,4,278),('TICKET-4-2A','2024-11-14 16:17:05.024150','2024-11-14 18:28:41.138314',450000,NULL,'AVAILABLE',NULL,NULL,4,266),('TICKET-4-2B','2024-11-14 16:17:05.034147','2024-11-14 18:23:19.234596',450000,NULL,'BOOKED',7,2,4,279),('TICKET-4-2C','2024-11-14 16:17:05.109698','2024-11-14 16:17:05.109698',450000,NULL,'AVAILABLE',NULL,NULL,4,261),('TICKET-4-2D','2024-11-14 16:17:05.070692','2024-11-14 16:17:05.070692',450000,NULL,'AVAILABLE',NULL,NULL,4,267),('TICKET-4-3A','2024-11-14 16:17:05.051168','2024-11-21 10:50:13.596242',450000,NULL,'BOOKED',14,5,4,263),('TICKET-4-3B','2024-11-14 16:17:05.020148','2024-11-14 16:17:05.020148',450000,NULL,'AVAILABLE',NULL,NULL,4,264),('TICKET-4-3C','2024-11-14 16:17:05.083693','2024-11-14 16:17:05.083693',450000,NULL,'AVAILABLE',NULL,NULL,4,259),('TICKET-4-3D','2024-11-14 16:17:05.055694','2024-11-14 16:17:05.055694',450000,NULL,'AVAILABLE',NULL,NULL,4,276),('TICKET-4-4A','2024-11-14 16:17:05.093690','2024-11-14 16:17:05.093690',450000,NULL,'AVAILABLE',NULL,NULL,4,262),('TICKET-4-4B','2024-11-14 16:17:05.087693','2024-11-14 16:17:05.087693',450000,NULL,'AVAILABLE',NULL,NULL,4,271),('TICKET-4-4C','2024-11-14 16:17:05.065691','2024-11-14 16:17:05.065691',450000,NULL,'AVAILABLE',NULL,NULL,4,265),('TICKET-4-4D','2024-11-14 16:17:05.047166','2024-11-14 16:17:05.047166',450000,NULL,'AVAILABLE',NULL,NULL,4,270),('TICKET-4-5A','2024-11-14 16:17:05.078691','2024-11-14 16:17:05.078691',450000,NULL,'AVAILABLE',NULL,NULL,4,269),('TICKET-4-5B','2024-11-14 16:17:05.011146','2024-11-14 16:17:05.011146',450000,NULL,'AVAILABLE',NULL,NULL,4,277),('TICKET-4-5C','2024-11-14 16:17:05.074689','2024-11-14 16:17:05.074689',450000,NULL,'AVAILABLE',NULL,NULL,4,280),('TICKET-4-5D','2024-11-14 16:17:05.029149','2024-11-14 16:17:05.029149',450000,NULL,'AVAILABLE',NULL,NULL,4,268),('TICKET-4-6A','2024-11-14 16:17:05.103696','2024-11-14 16:17:05.103696',450000,NULL,'AVAILABLE',NULL,NULL,4,274),('TICKET-4-6C','2024-11-14 16:17:05.098695','2024-11-14 16:17:05.098695',450000,NULL,'AVAILABLE',NULL,NULL,4,273),('TICKET-5-1A','2024-11-14 16:17:05.144719','2024-11-14 16:23:18.979207',600000,NULL,'BOOKED',1,2,5,299),('TICKET-5-1B','2024-11-14 16:17:05.222252','2024-11-14 16:55:29.172257',600000,NULL,'BOOKED',3,2,5,302),('TICKET-5-1C','2024-11-14 16:17:05.201258','2024-11-14 17:32:55.942720',600000,NULL,'AVAILABLE',NULL,NULL,5,283),('TICKET-5-1D','2024-11-14 16:17:05.247265','2024-11-14 16:17:05.247265',600000,NULL,'AVAILABLE',NULL,NULL,5,314),('TICKET-5-1E','2024-11-14 16:17:05.157255','2024-11-14 16:17:05.157255',600000,NULL,'AVAILABLE',NULL,NULL,5,292),('TICKET-5-1F','2024-11-14 16:17:05.302788','2024-11-14 16:17:05.302788',600000,NULL,'AVAILABLE',NULL,NULL,5,282),('TICKET-5-2A','2024-11-14 16:17:05.308789','2024-11-14 18:06:59.986759',600000,NULL,'AVAILABLE',NULL,NULL,5,294),('TICKET-5-2B','2024-11-14 16:17:05.313793','2024-11-14 16:17:05.313793',600000,NULL,'AVAILABLE',NULL,NULL,5,297),('TICKET-5-2C','2024-11-14 16:17:05.218275','2024-11-14 16:17:05.218275',600000,NULL,'AVAILABLE',NULL,NULL,5,285),('TICKET-5-2D','2024-11-14 16:17:05.184257','2024-11-14 16:17:05.184257',600000,NULL,'AVAILABLE',NULL,NULL,5,313),('TICKET-5-2E','2024-11-14 16:17:05.163259','2024-11-14 16:17:05.163259',600000,NULL,'AVAILABLE',NULL,NULL,5,290),('TICKET-5-2F','2024-11-14 16:17:05.238266','2024-11-14 16:17:05.238266',600000,NULL,'AVAILABLE',NULL,NULL,5,305),('TICKET-5-3A','2024-11-14 16:17:05.208256','2024-11-14 16:17:05.208256',600000,NULL,'AVAILABLE',NULL,NULL,5,301),('TICKET-5-3B','2024-11-14 16:17:05.297789','2024-11-14 16:17:05.297789',600000,NULL,'AVAILABLE',NULL,NULL,5,281),('TICKET-5-3C','2024-11-14 16:17:05.230251','2024-11-14 16:17:05.230251',600000,NULL,'AVAILABLE',NULL,NULL,5,300),('TICKET-5-3D','2024-11-14 16:17:05.285788','2024-11-14 16:17:05.285788',600000,NULL,'AVAILABLE',NULL,NULL,5,312),('TICKET-5-3E','2024-11-14 16:17:05.260785','2024-11-14 16:17:05.260785',600000,NULL,'AVAILABLE',NULL,NULL,5,311),('TICKET-5-3F','2024-11-14 16:17:05.278788','2024-11-14 16:17:05.278788',600000,NULL,'AVAILABLE',NULL,NULL,5,291),('TICKET-5-4A','2024-11-14 16:17:05.251261','2024-11-14 16:17:05.251261',600000,NULL,'AVAILABLE',NULL,NULL,5,310),('TICKET-5-4B','2024-11-14 16:17:05.178253','2024-11-14 16:17:05.178253',600000,NULL,'AVAILABLE',NULL,NULL,5,293),('TICKET-5-4C','2024-11-14 16:17:05.255786','2024-11-14 16:17:05.255786',600000,NULL,'AVAILABLE',NULL,NULL,5,289),('TICKET-5-4D','2024-11-14 16:17:05.272797','2024-11-14 16:17:05.272797',600000,NULL,'AVAILABLE',NULL,NULL,5,309),('TICKET-5-4E','2024-11-14 16:17:05.226252','2024-11-14 16:17:05.226252',600000,NULL,'AVAILABLE',NULL,NULL,5,308),('TICKET-5-4F','2024-11-14 16:17:05.213262','2024-11-14 16:17:05.213262',600000,NULL,'AVAILABLE',NULL,NULL,5,287),('TICKET-5-5A','2024-11-14 16:17:05.265787','2024-11-14 16:17:05.265787',600000,NULL,'AVAILABLE',NULL,NULL,5,286),('TICKET-5-5B','2024-11-14 16:17:05.234252','2024-11-14 16:17:05.234252',600000,NULL,'AVAILABLE',NULL,NULL,5,306),('TICKET-5-5C','2024-11-14 16:17:05.190258','2024-11-14 16:17:05.190258',600000,NULL,'AVAILABLE',NULL,NULL,5,303),('TICKET-5-5D','2024-11-14 16:17:05.291803','2024-11-14 16:17:05.291803',600000,NULL,'AVAILABLE',NULL,NULL,5,295),('TICKET-5-5E','2024-11-14 16:17:05.173260','2024-11-14 16:17:05.173260',600000,NULL,'AVAILABLE',NULL,NULL,5,288),('TICKET-5-5F','2024-11-14 16:17:05.151719','2024-11-14 16:17:05.151719',600000,NULL,'AVAILABLE',NULL,NULL,5,296),('TICKET-5-6A','2024-11-14 16:17:05.196256','2024-11-14 16:17:05.196256',600000,NULL,'AVAILABLE',NULL,NULL,5,298),('TICKET-5-6B','2024-11-14 16:17:05.243266','2024-11-20 18:53:34.099444',600000,NULL,'BOOKED',13,5,5,307),('TICKET-5-6D','2024-11-14 16:17:05.168254','2024-11-14 16:17:05.168254',600000,NULL,'AVAILABLE',NULL,NULL,5,304),('TICKET-5-6E','2024-11-14 16:17:05.319789','2024-11-14 16:17:05.319789',600000,NULL,'AVAILABLE',NULL,NULL,5,284),('TICKET-6-1A','2024-11-14 16:17:05.479260','2024-11-14 18:53:45.965989',500000,NULL,'AVAILABLE',NULL,NULL,6,334),('TICKET-6-1B','2024-11-14 16:17:05.461256','2024-11-14 18:53:45.967991',500000,NULL,'AVAILABLE',NULL,NULL,6,322),('TICKET-6-1C','2024-11-14 16:17:05.397689','2024-11-14 16:17:05.397689',500000,NULL,'AVAILABLE',NULL,NULL,6,320),('TICKET-6-1D','2024-11-14 16:17:05.366685','2024-11-14 16:17:05.366685',500000,NULL,'AVAILABLE',NULL,NULL,6,336),('TICKET-6-2A','2024-11-14 16:17:05.455252','2024-11-14 16:17:05.455252',500000,NULL,'AVAILABLE',NULL,NULL,6,323),('TICKET-6-2B','2024-11-14 16:17:05.449705','2024-11-14 16:17:05.449705',500000,NULL,'AVAILABLE',NULL,NULL,6,332),('TICKET-6-2C','2024-11-14 16:17:05.490256','2024-11-14 16:17:05.490256',500000,NULL,'AVAILABLE',NULL,NULL,6,327),('TICKET-6-2D','2024-11-14 16:17:05.410688','2024-11-14 16:17:05.410688',500000,NULL,'AVAILABLE',NULL,NULL,6,333),('TICKET-6-3A','2024-11-14 16:17:05.429685','2024-11-14 16:17:05.429685',500000,NULL,'AVAILABLE',NULL,NULL,6,324),('TICKET-6-3B','2024-11-14 16:17:05.361695','2024-11-14 16:17:05.361695',500000,NULL,'AVAILABLE',NULL,NULL,6,328),('TICKET-6-3C','2024-11-14 16:17:05.417688','2024-11-14 16:17:05.417688',500000,NULL,'AVAILABLE',NULL,NULL,6,329),('TICKET-6-3D','2024-11-14 16:17:05.468256','2024-11-14 16:17:05.468256',500000,NULL,'AVAILABLE',NULL,NULL,6,331),('TICKET-6-4A','2024-11-14 16:17:05.423691','2024-11-14 16:17:05.423691',500000,NULL,'AVAILABLE',NULL,NULL,6,316),('TICKET-6-4B','2024-11-14 16:17:05.484252','2024-11-14 16:17:05.484252',500000,NULL,'AVAILABLE',NULL,NULL,6,321),('TICKET-6-4C','2024-11-14 16:17:05.438706','2024-11-14 16:17:05.438706',500000,NULL,'AVAILABLE',NULL,NULL,6,318),('TICKET-6-4D','2024-11-14 16:17:05.387689','2024-11-14 16:17:05.387689',500000,NULL,'AVAILABLE',NULL,NULL,6,330),('TICKET-6-5A','2024-11-14 16:17:05.372687','2024-11-14 16:17:05.372687',500000,NULL,'AVAILABLE',NULL,NULL,6,317),('TICKET-6-5B','2024-11-14 16:17:05.497251','2024-11-14 16:17:05.497251',500000,NULL,'AVAILABLE',NULL,NULL,6,326),('TICKET-6-5C','2024-11-14 16:17:05.377691','2024-11-14 16:17:05.377691',500000,NULL,'AVAILABLE',NULL,NULL,6,319),('TICKET-6-5D','2024-11-14 16:17:05.404689','2024-11-14 16:17:05.404689',500000,NULL,'AVAILABLE',NULL,NULL,6,335),('TICKET-6-6A','2024-11-14 16:17:05.443705','2024-11-14 16:17:05.443705',500000,NULL,'AVAILABLE',NULL,NULL,6,325),('TICKET-6-6C','2024-11-14 16:17:05.473252','2024-11-14 16:17:05.473252',500000,NULL,'AVAILABLE',NULL,NULL,6,315),('TICKET-7-1A','2024-11-14 16:17:05.652842','2024-11-14 16:17:05.652842',500000,NULL,'AVAILABLE',NULL,NULL,7,260),('TICKET-7-1B','2024-11-14 16:17:05.619820','2024-11-14 16:17:05.619820',500000,NULL,'AVAILABLE',NULL,NULL,7,272),('TICKET-7-1C','2024-11-14 16:17:05.641847','2024-11-14 16:17:05.641847',500000,NULL,'AVAILABLE',NULL,NULL,7,275),('TICKET-7-1D','2024-11-14 16:17:05.596822','2024-11-14 16:17:05.596822',500000,NULL,'AVAILABLE',NULL,NULL,7,278),('TICKET-7-2A','2024-11-14 16:17:05.636820','2024-11-14 16:17:05.636820',500000,NULL,'AVAILABLE',NULL,NULL,7,266),('TICKET-7-2B','2024-11-14 16:17:05.614819','2024-11-14 16:17:05.614819',500000,NULL,'AVAILABLE',NULL,NULL,7,279),('TICKET-7-2C','2024-11-14 16:17:05.608819','2024-11-14 16:17:05.608819',500000,NULL,'AVAILABLE',NULL,NULL,7,261),('TICKET-7-2D','2024-11-14 16:17:05.646839','2024-11-14 16:17:05.646839',500000,NULL,'AVAILABLE',NULL,NULL,7,267),('TICKET-7-3A','2024-11-14 16:17:05.572820','2024-11-14 16:17:05.572820',500000,NULL,'AVAILABLE',NULL,NULL,7,263),('TICKET-7-3B','2024-11-14 16:17:05.578821','2024-11-14 16:17:05.578821',500000,NULL,'AVAILABLE',NULL,NULL,7,264),('TICKET-7-3C','2024-11-14 16:17:05.590820','2024-11-14 16:17:05.590820',500000,NULL,'AVAILABLE',NULL,NULL,7,259),('TICKET-7-3D','2024-11-14 16:17:05.630819','2024-11-14 16:17:05.630819',500000,NULL,'AVAILABLE',NULL,NULL,7,276),('TICKET-7-4A','2024-11-14 16:17:05.566824','2024-11-14 16:17:05.566824',500000,NULL,'AVAILABLE',NULL,NULL,7,262),('TICKET-7-4B','2024-11-14 16:17:05.560821','2024-11-14 16:17:05.560821',500000,NULL,'AVAILABLE',NULL,NULL,7,271),('TICKET-7-4C','2024-11-14 16:17:05.659128','2024-11-14 16:17:05.659128',500000,NULL,'AVAILABLE',NULL,NULL,7,265),('TICKET-7-4D','2024-11-14 16:17:05.602821','2024-11-14 16:17:05.602821',500000,NULL,'AVAILABLE',NULL,NULL,7,270),('TICKET-7-5A','2024-11-14 16:17:05.665128','2024-11-14 16:17:05.665128',500000,NULL,'AVAILABLE',NULL,NULL,7,269),('TICKET-7-5B','2024-11-14 16:17:05.584823','2024-11-14 16:17:05.584823',500000,NULL,'AVAILABLE',NULL,NULL,7,277),('TICKET-7-5C','2024-11-14 16:17:05.549272','2024-11-14 16:17:05.549272',500000,NULL,'AVAILABLE',NULL,NULL,7,280),('TICKET-7-5D','2024-11-14 16:17:05.555825','2024-11-14 16:17:05.555825',500000,NULL,'AVAILABLE',NULL,NULL,7,268),('TICKET-7-6A','2024-11-14 16:17:05.624824','2024-11-14 16:17:05.624824',500000,NULL,'AVAILABLE',NULL,NULL,7,274),('TICKET-7-6C','2024-11-14 16:17:05.544273','2024-11-14 16:17:05.544273',500000,NULL,'AVAILABLE',NULL,NULL,7,273),('TICKET-8-1A','2024-11-14 16:17:05.821271','2024-11-14 16:17:05.821271',500000,NULL,'AVAILABLE',NULL,NULL,8,299),('TICKET-8-1B','2024-11-14 16:17:05.851627','2024-11-14 16:17:05.851627',500000,NULL,'AVAILABLE',NULL,NULL,8,302),('TICKET-8-1C','2024-11-14 16:17:05.803273','2024-11-14 16:17:05.803273',500000,NULL,'AVAILABLE',NULL,NULL,8,283),('TICKET-8-1D','2024-11-14 16:17:05.892154','2024-11-14 16:17:05.892154',500000,NULL,'AVAILABLE',NULL,NULL,8,314),('TICKET-8-1E','2024-11-14 16:17:05.872156','2024-11-14 16:17:05.872156',500000,NULL,'AVAILABLE',NULL,NULL,8,292),('TICKET-8-1F','2024-11-14 16:17:05.798272','2024-11-14 16:17:05.798272',500000,NULL,'AVAILABLE',NULL,NULL,8,282),('TICKET-8-2A','2024-11-14 16:17:05.833274','2024-11-14 16:17:05.833274',500000,NULL,'AVAILABLE',NULL,NULL,8,294),('TICKET-8-2B','2024-11-14 16:17:05.791275','2024-11-14 16:17:05.791275',500000,NULL,'AVAILABLE',NULL,NULL,8,297),('TICKET-8-2C','2024-11-14 16:17:05.720124','2024-11-14 16:17:05.720124',500000,NULL,'AVAILABLE',NULL,NULL,8,285),('TICKET-8-2D','2024-11-14 16:17:05.879155','2024-11-14 16:17:05.879155',500000,NULL,'AVAILABLE',NULL,NULL,8,313),('TICKET-8-2E','2024-11-14 16:17:05.770280','2024-11-14 16:17:05.770280',500000,NULL,'AVAILABLE',NULL,NULL,8,290),('TICKET-8-2F','2024-11-14 16:17:05.857155','2024-11-14 16:17:05.857155',500000,NULL,'AVAILABLE',NULL,NULL,8,305),('TICKET-8-3A','2024-11-14 16:17:05.837276','2024-11-14 16:17:05.837276',500000,NULL,'AVAILABLE',NULL,NULL,8,301),('TICKET-8-3B','2024-11-14 16:17:05.786274','2024-11-14 16:17:05.786274',500000,NULL,'AVAILABLE',NULL,NULL,8,281),('TICKET-8-3C','2024-11-14 16:17:05.759273','2024-11-14 16:17:05.759273',500000,NULL,'AVAILABLE',NULL,NULL,8,300),('TICKET-8-3D','2024-11-14 16:17:05.886158','2024-11-14 16:17:05.886158',500000,NULL,'AVAILABLE',NULL,NULL,8,312),('TICKET-8-3E','2024-11-14 16:17:05.775271','2024-11-14 16:17:05.775271',500000,NULL,'AVAILABLE',NULL,NULL,8,311),('TICKET-8-3F','2024-11-14 16:17:05.897152','2024-11-14 16:17:05.897152',500000,NULL,'AVAILABLE',NULL,NULL,8,291),('TICKET-8-4A','2024-11-14 16:17:05.848629','2024-11-14 16:17:05.848629',500000,NULL,'AVAILABLE',NULL,NULL,8,310),('TICKET-8-4B','2024-11-14 16:17:05.827269','2024-11-14 16:17:05.827269',500000,NULL,'AVAILABLE',NULL,NULL,8,293),('TICKET-8-4C','2024-11-14 16:17:05.754282','2024-11-14 16:17:05.754282',500000,NULL,'AVAILABLE',NULL,NULL,8,289),('TICKET-8-4D','2024-11-14 16:17:05.808271','2024-11-14 16:17:05.808271',500000,NULL,'AVAILABLE',NULL,NULL,8,309),('TICKET-8-4E','2024-11-14 16:17:05.750147','2024-11-14 16:17:05.750147',500000,NULL,'AVAILABLE',NULL,NULL,8,308),('TICKET-8-4F','2024-11-14 16:17:05.727125','2024-11-14 16:17:05.727125',500000,NULL,'AVAILABLE',NULL,NULL,8,287),('TICKET-8-5A','2024-11-14 16:17:05.867155','2024-11-14 16:17:05.867155',500000,NULL,'AVAILABLE',NULL,NULL,8,286),('TICKET-8-5B','2024-11-14 16:17:05.714125','2024-11-14 16:17:05.714125',500000,NULL,'AVAILABLE',NULL,NULL,8,306),('TICKET-8-5C','2024-11-14 16:17:05.738148','2024-11-14 16:17:05.738148',500000,NULL,'AVAILABLE',NULL,NULL,8,303),('TICKET-8-5D','2024-11-14 16:17:05.814273','2024-11-14 16:17:05.814273',500000,NULL,'AVAILABLE',NULL,NULL,8,295),('TICKET-8-5E','2024-11-14 16:17:05.732125','2024-11-14 16:17:05.732125',500000,NULL,'AVAILABLE',NULL,NULL,8,288),('TICKET-8-5F','2024-11-14 16:17:05.780275','2024-11-14 16:17:05.780275',500000,NULL,'AVAILABLE',NULL,NULL,8,296),('TICKET-8-6A','2024-11-14 16:17:05.843633','2024-11-14 16:17:05.843633',500000,NULL,'AVAILABLE',NULL,NULL,8,298),('TICKET-8-6B','2024-11-14 16:17:05.861152','2024-11-14 16:17:05.861152',500000,NULL,'AVAILABLE',NULL,NULL,8,307),('TICKET-8-6D','2024-11-14 16:17:05.744151','2024-11-14 16:17:05.744151',500000,NULL,'AVAILABLE',NULL,NULL,8,304),('TICKET-8-6E','2024-11-14 16:17:05.764275','2024-11-14 16:17:05.764275',500000,NULL,'AVAILABLE',NULL,NULL,8,284),('TICKET-9-1A','2024-11-14 16:17:05.983723','2024-11-14 16:17:05.983723',500000,NULL,'AVAILABLE',NULL,NULL,9,334),('TICKET-9-1B','2024-11-14 16:17:05.960708','2024-11-14 16:17:05.960708',500000,NULL,'AVAILABLE',NULL,NULL,9,322),('TICKET-9-1C','2024-11-14 16:17:05.940178','2024-11-14 16:17:05.940178',500000,NULL,'AVAILABLE',NULL,NULL,9,320),('TICKET-9-1D','2024-11-14 16:17:06.014170','2024-11-14 16:17:06.014170',500000,NULL,'AVAILABLE',NULL,NULL,9,336),('TICKET-9-2A','2024-11-14 16:17:05.945171','2024-11-14 16:17:05.945171',500000,NULL,'AVAILABLE',NULL,NULL,9,323),('TICKET-9-2B','2024-11-14 16:17:05.949177','2024-11-14 16:17:05.949177',500000,NULL,'AVAILABLE',NULL,NULL,9,332),('TICKET-9-2C','2024-11-14 16:17:06.026163','2024-11-14 16:17:06.026163',500000,NULL,'AVAILABLE',NULL,NULL,9,327),('TICKET-9-2D','2024-11-14 16:17:05.979706','2024-11-14 16:17:05.979706',500000,NULL,'AVAILABLE',NULL,NULL,9,333),('TICKET-9-3A','2024-11-14 16:17:05.991146','2024-11-14 16:17:05.991146',500000,NULL,'AVAILABLE',NULL,NULL,9,324),('TICKET-9-3B','2024-11-14 16:17:06.003170','2024-11-14 16:17:06.003170',500000,NULL,'AVAILABLE',NULL,NULL,9,328),('TICKET-9-3C','2024-11-14 16:17:06.007161','2024-11-14 16:17:06.007161',500000,NULL,'AVAILABLE',NULL,NULL,9,329),('TICKET-9-3D','2024-11-14 16:17:06.019177','2024-11-14 16:17:06.019177',500000,NULL,'AVAILABLE',NULL,NULL,9,331),('TICKET-9-4A','2024-11-14 16:17:06.022158','2024-11-14 16:17:06.022158',500000,NULL,'AVAILABLE',NULL,NULL,9,316),('TICKET-9-4B','2024-11-14 16:17:05.964706','2024-11-14 16:17:05.964706',500000,NULL,'AVAILABLE',NULL,NULL,9,321),('TICKET-9-4C','2024-11-14 16:17:05.986716','2024-11-14 16:17:05.986716',500000,NULL,'AVAILABLE',NULL,NULL,9,318),('TICKET-9-4D','2024-11-14 16:17:05.999172','2024-11-14 16:17:05.999172',500000,NULL,'AVAILABLE',NULL,NULL,9,330),('TICKET-9-5A','2024-11-14 16:17:05.954711','2024-11-14 16:17:05.954711',500000,NULL,'AVAILABLE',NULL,NULL,9,317),('TICKET-9-5B','2024-11-14 16:17:06.017161','2024-11-14 16:17:06.017161',500000,NULL,'AVAILABLE',NULL,NULL,9,326),('TICKET-9-5C','2024-11-14 16:17:05.995161','2024-11-14 16:17:05.996164',500000,NULL,'AVAILABLE',NULL,NULL,9,319),('TICKET-9-5D','2024-11-14 16:17:06.010160','2024-11-14 16:17:06.010160',500000,NULL,'AVAILABLE',NULL,NULL,9,335),('TICKET-9-6A','2024-11-14 16:17:05.969709','2024-11-14 16:17:05.969709',500000,NULL,'AVAILABLE',NULL,NULL,9,325),('TICKET-9-6C','2024-11-14 16:17:05.974719','2024-11-14 16:17:05.974719',500000,NULL,'AVAILABLE',NULL,NULL,9,315);
/*!40000 ALTER TABLE `tickets` ENABLE KEYS */;
UNLOCK TABLES;

--
-- Table structure for table `tokens`
--

DROP TABLE IF EXISTS `tokens`;
/*!40101 SET @saved_cs_client     = @@character_set_client */;
/*!50503 SET character_set_client = utf8mb4 */;
CREATE TABLE `tokens` (
  `value` varchar(255) COLLATE utf8mb4_unicode_ci NOT NULL,
  `created_at` datetime(6) DEFAULT NULL,
  `updated_at` datetime(6) DEFAULT NULL,
  `expires_at` datetime(6) NOT NULL,
  `token_type` enum('ACTIVATION','RESET_PASSWORD') COLLATE utf8mb4_unicode_ci NOT NULL,
  `user_id` bigint(20) DEFAULT NULL,
  PRIMARY KEY (`value`),
  KEY `FK2dylsfo39lgjyqml2tbe0b0ss` (`user_id`),
  CONSTRAINT `FK2dylsfo39lgjyqml2tbe0b0ss` FOREIGN KEY (`user_id`) REFERENCES `users` (`user_id`)
) ENGINE=InnoDB DEFAULT CHARSET=utf8mb4 COLLATE=utf8mb4_unicode_ci;
/*!40101 SET character_set_client = @saved_cs_client */;

--
-- Dumping data for table `tokens`
--

LOCK TABLES `tokens` WRITE;
/*!40000 ALTER TABLE `tokens` DISABLE KEYS */;
INSERT INTO `tokens` VALUES ('5e01b7c1-740e-47fd-8c6b-50b0874c4b8f','2024-12-01 12:00:42.097147','2024-12-01 12:00:42.097147','2024-12-02 12:00:42.074113','ACTIVATION',2),('c53b3cdd-7d5d-4d31-8a18-db621cdc4c7d','2024-12-01 12:03:55.311208','2024-12-01 12:03:55.311208','2024-12-02 12:03:55.295194','ACTIVATION',2),('d3033883-660e-4482-a55b-f6982ee11208','2024-12-01 12:04:24.357099','2024-12-01 12:04:24.357099','2024-12-02 12:04:24.356100','ACTIVATION',2);
/*!40000 ALTER TABLE `tokens` ENABLE KEYS */;
UNLOCK TABLES;

--
-- Table structure for table `users`
--

DROP TABLE IF EXISTS `users`;
/*!40101 SET @saved_cs_client     = @@character_set_client */;
/*!50503 SET character_set_client = utf8mb4 */;
CREATE TABLE `users` (
  `user_id` bigint(20) NOT NULL AUTO_INCREMENT,
  `created_at` datetime(6) DEFAULT NULL,
  `updated_at` datetime(6) DEFAULT NULL,
  `email` varchar(255) COLLATE utf8mb4_unicode_ci NOT NULL,
  `image_url` varchar(255) COLLATE utf8mb4_unicode_ci NOT NULL,
  `is_enabled` bit(1) NOT NULL,
  `is_locked` bit(1) NOT NULL,
  `password` varchar(255) COLLATE utf8mb4_unicode_ci NOT NULL,
  `provider` enum('FACEBOOK','GOOGLE','LOCAL') COLLATE utf8mb4_unicode_ci NOT NULL,
  `role` varchar(50) COLLATE utf8mb4_unicode_ci DEFAULT NULL,
  PRIMARY KEY (`user_id`),
  UNIQUE KEY `UK6dotkott2kjsp8vw4d0m25fb7` (`email`)
) ENGINE=InnoDB AUTO_INCREMENT=7 DEFAULT CHARSET=utf8mb4 COLLATE=utf8mb4_unicode_ci;
/*!40101 SET character_set_client = @saved_cs_client */;

--
-- Dumping data for table `users`
--

LOCK TABLES `users` WRITE;
/*!40000 ALTER TABLE `users` DISABLE KEYS */;
INSERT INTO `users` VALUES (1,'2024-11-14 16:17:02.968716','2024-11-24 10:39:55.606343','admin@gmail.com','https://res.cloudinary.com/dj1h07rea/image/upload/v1732419422/03809988294a4197849715dd0850f3b8-free_mnt4dp.png',_binary '',_binary '\0','$2a$10$aqyxu6EdBX4ErNv/vpepkeZxh.AmJxe7aCZYokhLedtFC.R0S62p2','LOCAL','ROLE_BUS_COMPANY'),(2,'2024-11-14 16:22:04.590797','2024-12-01 12:11:10.769099','phuonggteyy@gmail.com','https://res.cloudinary.com/dj1h07rea/image/upload/v1728906155/sbcf-default-avatar_iovbch.webp',_binary '',_binary '\0','$2a$10$BSNiwfdpic0FjG1vp./U6Oz4mexxaFhwLnADw2f1MHE6gIMi3HhxK','LOCAL','ROLE_CUSTOMER'),(3,'2024-11-15 19:59:20.291647','2024-11-26 17:50:30.659526','tayphuong1109@gmail.com','https://res.cloudinary.com/dj1h07rea/image/upload/v1728906155/sbcf-default-avatar_iovbch.webp',_binary '',_binary '\0','$2a$10$l5cPFWYFGQD3ZcoWE9ksbu1E0tmlMAzb8ZPI4YnaCw4AIchf0QSSi','LOCAL','ROLE_CUSTOMER'),(4,'2024-11-18 18:53:56.465481','2024-11-18 18:53:56.465481','21110641@student.hcmute.edu.vn','https://lh3.googleusercontent.com/a/ACg8ocL8gBcN6AiVLEMRstgtB5eRUcvkb7AjfF8UDPusZv1HtVhe9ac=s96-c',_binary '',_binary '\0','','GOOGLE','ROLE_CUSTOMER'),(5,'2024-11-20 18:44:20.727506','2024-11-20 18:44:20.727506','taytran110903@gmail.com','https://lh3.googleusercontent.com/a/ACg8ocJ68eozAeDXaLcQ1pxQiBEIC66GXy6iSd95V7HL0ufuoTpg4w=s96-c',_binary '',_binary '\0','','GOOGLE','ROLE_CUSTOMER'),(6,'2024-12-02 15:11:35.146863','2024-12-02 15:11:35.146863','phuongtay713@gmail.com','https://lh3.googleusercontent.com/a/ACg8ocJD0-6Cj5wUxsxWHLj8oQ5PLdMvdPupXkyvJ5v-n57PZTQLgQ=s96-c',_binary '',_binary '\0','','GOOGLE','ROLE_CUSTOMER');
/*!40000 ALTER TABLE `users` ENABLE KEYS */;
UNLOCK TABLES;
/*!40103 SET TIME_ZONE=@OLD_TIME_ZONE */;

/*!40101 SET SQL_MODE=@OLD_SQL_MODE */;
/*!40014 SET FOREIGN_KEY_CHECKS=@OLD_FOREIGN_KEY_CHECKS */;
/*!40014 SET UNIQUE_CHECKS=@OLD_UNIQUE_CHECKS */;
/*!40101 SET CHARACTER_SET_CLIENT=@OLD_CHARACTER_SET_CLIENT */;
/*!40101 SET CHARACTER_SET_RESULTS=@OLD_CHARACTER_SET_RESULTS */;
/*!40101 SET COLLATION_CONNECTION=@OLD_COLLATION_CONNECTION */;
/*!40111 SET SQL_NOTES=@OLD_SQL_NOTES */;

-- Dump completed on 2024-12-02 16:47:16
